,Zigzag,Lenguaje,Técnica,Resolucion,Píxeles,Ciclos
0,Zigzag,asm,normal,64,4096,28544.0
1,Zigzag,asm,normal,64,4096,29104.0
2,Zigzag,asm,normal,64,4096,29416.0
3,Zigzag,asm,normal,64,4096,28916.0
4,Zigzag,asm,normal,64,4096,34660.0
5,Zigzag,asm,normal,64,4096,29780.0
6,Zigzag,asm,normal,64,4096,28888.0
7,Zigzag,asm,normal,64,4096,29316.0
8,Zigzag,asm,normal,64,4096,28936.0
9,Zigzag,asm,normal,64,4096,28796.0
10,Zigzag,asm,normal,64,4096,29472.0
11,Zigzag,asm,normal,64,4096,28820.0
12,Zigzag,asm,normal,64,4096,28656.0
13,Zigzag,asm,normal,64,4096,28728.0
14,Zigzag,asm,normal,64,4096,28896.0
15,Zigzag,asm,normal,64,4096,28300.0
16,Zigzag,asm,normal,64,4096,28076.0
17,Zigzag,asm,normal,64,4096,28048.0
18,Zigzag,asm,normal,64,4096,29248.0
19,Zigzag,asm,normal,64,4096,28996.0
20,Zigzag,asm,normal,64,4096,28820.0
21,Zigzag,asm,normal,64,4096,29168.0
22,Zigzag,asm,normal,64,4096,29980.0
23,Zigzag,asm,normal,64,4096,28700.0
24,Zigzag,asm,normal,64,4096,28772.0
25,Zigzag,asm,normal,64,4096,29196.0
26,Zigzag,asm,normal,64,4096,29452.0
27,Zigzag,asm,normal,64,4096,28696.0
28,Zigzag,asm,normal,64,4096,28128.0
29,Zigzag,asm,normal,64,4096,28128.0
30,Zigzag,asm,normal,128,16384,111868.0
31,Zigzag,asm,normal,128,16384,111496.0
32,Zigzag,asm,normal,128,16384,117712.0
33,Zigzag,asm,normal,128,16384,112148.0
34,Zigzag,asm,normal,128,16384,110844.0
35,Zigzag,asm,normal,128,16384,111516.0
36,Zigzag,asm,normal,128,16384,111616.0
37,Zigzag,asm,normal,128,16384,111412.0
38,Zigzag,asm,normal,128,16384,111392.0
39,Zigzag,asm,normal,128,16384,111768.0
40,Zigzag,asm,normal,128,16384,111688.0
41,Zigzag,asm,normal,128,16384,111620.0
42,Zigzag,asm,normal,128,16384,112224.0
43,Zigzag,asm,normal,128,16384,111052.0
44,Zigzag,asm,normal,128,16384,112452.0
45,Zigzag,asm,normal,128,16384,111384.0
46,Zigzag,asm,normal,128,16384,111544.0
47,Zigzag,asm,normal,128,16384,112648.0
48,Zigzag,asm,normal,128,16384,111584.0
49,Zigzag,asm,normal,128,16384,117316.0
50,Zigzag,asm,normal,128,16384,111496.0
51,Zigzag,asm,normal,128,16384,298220.0
52,Zigzag,asm,normal,128,16384,111444.0
53,Zigzag,asm,normal,128,16384,111976.0
54,Zigzag,asm,normal,128,16384,110996.0
55,Zigzag,asm,normal,128,16384,111412.0
56,Zigzag,asm,normal,128,16384,111552.0
57,Zigzag,asm,normal,128,16384,111444.0
58,Zigzag,asm,normal,128,16384,117264.0
59,Zigzag,asm,normal,128,16384,111700.0
60,Zigzag,asm,normal,192,36864,281488.0
61,Zigzag,asm,normal,192,36864,235092.0
62,Zigzag,asm,normal,192,36864,234732.0
63,Zigzag,asm,normal,192,36864,234908.0
64,Zigzag,asm,normal,192,36864,322980.0
65,Zigzag,asm,normal,192,36864,235124.0
66,Zigzag,asm,normal,192,36864,235176.0
67,Zigzag,asm,normal,192,36864,281784.0
68,Zigzag,asm,normal,192,36864,235388.0
69,Zigzag,asm,normal,192,36864,234552.0
70,Zigzag,asm,normal,192,36864,235172.0
71,Zigzag,asm,normal,192,36864,234844.0
72,Zigzag,asm,normal,192,36864,285316.0
73,Zigzag,asm,normal,192,36864,234940.0
74,Zigzag,asm,normal,192,36864,234748.0
75,Zigzag,asm,normal,192,36864,234932.0
76,Zigzag,asm,normal,192,36864,235132.0
77,Zigzag,asm,normal,192,36864,234820.0
78,Zigzag,asm,normal,192,36864,222404.0
79,Zigzag,asm,normal,192,36864,211105.0
80,Zigzag,asm,normal,192,36864,210286.0
81,Zigzag,asm,normal,192,36864,379112.0
82,Zigzag,asm,normal,192,36864,210858.0
83,Zigzag,asm,normal,192,36864,210491.0
84,Zigzag,asm,normal,192,36864,308403.0
85,Zigzag,asm,normal,192,36864,219499.0
86,Zigzag,asm,normal,192,36864,211370.0
87,Zigzag,asm,normal,192,36864,230317.0
88,Zigzag,asm,normal,192,36864,222356.0
89,Zigzag,asm,normal,192,36864,212044.0
90,Zigzag,asm,normal,256,65536,372328.0
91,Zigzag,asm,normal,256,65536,371923.0
92,Zigzag,asm,normal,256,65536,371497.0
93,Zigzag,asm,normal,256,65536,371327.0
94,Zigzag,asm,normal,256,65536,391672.0
95,Zigzag,asm,normal,256,65536,371372.0
96,Zigzag,asm,normal,256,65536,371381.0
97,Zigzag,asm,normal,256,65536,391854.0
98,Zigzag,asm,normal,256,65536,391913.0
99,Zigzag,asm,normal,256,65536,371429.0
100,Zigzag,asm,normal,256,65536,371196.0
101,Zigzag,asm,normal,256,65536,371328.0
102,Zigzag,asm,normal,256,65536,371503.0
103,Zigzag,asm,normal,256,65536,372269.0
104,Zigzag,asm,normal,256,65536,391898.0
105,Zigzag,asm,normal,256,65536,391857.0
106,Zigzag,asm,normal,256,65536,418703.0
107,Zigzag,asm,normal,256,65536,399673.0
108,Zigzag,asm,normal,256,65536,372486.0
109,Zigzag,asm,normal,256,65536,372314.0
110,Zigzag,asm,normal,256,65536,371519.0
111,Zigzag,asm,normal,256,65536,371959.0
112,Zigzag,asm,normal,256,65536,392497.0
113,Zigzag,asm,normal,256,65536,392110.0
114,Zigzag,asm,normal,256,65536,403089.0
115,Zigzag,asm,normal,256,65536,427250.0
116,Zigzag,asm,normal,256,65536,372114.0
117,Zigzag,asm,normal,256,65536,372200.0
118,Zigzag,asm,normal,256,65536,447327.0
119,Zigzag,asm,normal,256,65536,371578.0
120,Zigzag,asm,normal,320,102400,581703.0
121,Zigzag,asm,normal,320,102400,649722.0
122,Zigzag,asm,normal,320,102400,583210.0
123,Zigzag,asm,normal,320,102400,581283.0
124,Zigzag,asm,normal,320,102400,627345.0
125,Zigzag,asm,normal,320,102400,581744.0
126,Zigzag,asm,normal,320,102400,652232.0
127,Zigzag,asm,normal,320,102400,581411.0
128,Zigzag,asm,normal,320,102400,646957.0
129,Zigzag,asm,normal,320,102400,775314.0
130,Zigzag,asm,normal,320,102400,581989.0
131,Zigzag,asm,normal,320,102400,699632.0
132,Zigzag,asm,normal,320,102400,581504.0
133,Zigzag,asm,normal,320,102400,581646.0
134,Zigzag,asm,normal,320,102400,644515.0
135,Zigzag,asm,normal,320,102400,613090.0
136,Zigzag,asm,normal,320,102400,588060.0
137,Zigzag,asm,normal,320,102400,582221.0
138,Zigzag,asm,normal,320,102400,692864.0
139,Zigzag,asm,normal,320,102400,632908.0
140,Zigzag,asm,normal,320,102400,614466.0
141,Zigzag,asm,normal,320,102400,581241.0
142,Zigzag,asm,normal,320,102400,676439.0
143,Zigzag,asm,normal,320,102400,689485.0
144,Zigzag,asm,normal,320,102400,648729.0
145,Zigzag,asm,normal,320,102400,636196.0
146,Zigzag,asm,normal,320,102400,1172156.0
147,Zigzag,asm,normal,320,102400,582853.0
148,Zigzag,asm,normal,320,102400,581354.0
149,Zigzag,asm,normal,320,102400,613191.0
150,Zigzag,asm,normal,384,147456,836244.0
151,Zigzag,asm,normal,384,147456,893619.0
152,Zigzag,asm,normal,384,147456,963727.0
153,Zigzag,asm,normal,384,147456,835824.0
154,Zigzag,asm,normal,384,147456,880165.0
155,Zigzag,asm,normal,384,147456,942284.0
156,Zigzag,asm,normal,384,147456,936764.0
157,Zigzag,asm,normal,384,147456,933475.0
158,Zigzag,asm,normal,384,147456,1075571.0
159,Zigzag,asm,normal,384,147456,953270.0
160,Zigzag,asm,normal,384,147456,939218.0
161,Zigzag,asm,normal,384,147456,912448.0
162,Zigzag,asm,normal,384,147456,866463.0
163,Zigzag,asm,normal,384,147456,835306.0
164,Zigzag,asm,normal,384,147456,836012.0
165,Zigzag,asm,normal,384,147456,993374.0
166,Zigzag,asm,normal,384,147456,999318.0
167,Zigzag,asm,normal,384,147456,1030430.0
168,Zigzag,asm,normal,384,147456,922343.0
169,Zigzag,asm,normal,384,147456,966992.0
170,Zigzag,asm,normal,384,147456,930748.0
171,Zigzag,asm,normal,384,147456,936321.0
172,Zigzag,asm,normal,384,147456,880755.0
173,Zigzag,asm,normal,384,147456,876281.0
174,Zigzag,asm,normal,384,147456,837206.0
175,Zigzag,asm,normal,384,147456,845978.0
176,Zigzag,asm,normal,384,147456,940156.0
177,Zigzag,asm,normal,384,147456,891427.0
178,Zigzag,asm,normal,384,147456,881360.0
179,Zigzag,asm,normal,384,147456,963371.0
180,Zigzag,asm,normal,448,200704,1187053.0
181,Zigzag,asm,normal,448,200704,1482320.0
182,Zigzag,asm,normal,448,200704,1245675.0
183,Zigzag,asm,normal,448,200704,1257179.0
184,Zigzag,asm,normal,448,200704,1386479.0
185,Zigzag,asm,normal,448,200704,1141533.0
186,Zigzag,asm,normal,448,200704,1321549.0
187,Zigzag,asm,normal,448,200704,1310346.0
188,Zigzag,asm,normal,448,200704,1142490.0
189,Zigzag,asm,normal,448,200704,1142129.0
190,Zigzag,asm,normal,448,200704,1141658.0
191,Zigzag,asm,normal,448,200704,1220406.0
192,Zigzag,asm,normal,448,200704,1202650.0
193,Zigzag,asm,normal,448,200704,1207613.0
194,Zigzag,asm,normal,448,200704,1140270.0
195,Zigzag,asm,normal,448,200704,1236583.0
196,Zigzag,asm,normal,448,200704,2784388.0
197,Zigzag,asm,normal,448,200704,1742424.0
198,Zigzag,asm,normal,448,200704,1394848.0
199,Zigzag,asm,normal,448,200704,1209788.0
200,Zigzag,asm,normal,448,200704,1203806.0
201,Zigzag,asm,normal,448,200704,1241058.0
202,Zigzag,asm,normal,448,200704,1200708.0
203,Zigzag,asm,normal,448,200704,2072870.0
204,Zigzag,asm,normal,448,200704,1245951.0
205,Zigzag,asm,normal,448,200704,1204712.0
206,Zigzag,asm,normal,448,200704,1202793.0
207,Zigzag,asm,normal,448,200704,1259309.0
208,Zigzag,asm,normal,448,200704,1473149.0
209,Zigzag,asm,normal,448,200704,1249181.0
210,Zigzag,asm,normal,512,262144,1533274.0
211,Zigzag,asm,normal,512,262144,1651410.0
212,Zigzag,asm,normal,512,262144,1532502.0
213,Zigzag,asm,normal,512,262144,1727570.0
214,Zigzag,asm,normal,512,262144,1987747.0
215,Zigzag,asm,normal,512,262144,1513251.0
216,Zigzag,asm,normal,512,262144,1699779.0
217,Zigzag,asm,normal,512,262144,1540212.0
218,Zigzag,asm,normal,512,262144,1492057.0
219,Zigzag,asm,normal,512,262144,1829466.0
220,Zigzag,asm,normal,512,262144,1532503.0
221,Zigzag,asm,normal,512,262144,1573150.0
222,Zigzag,asm,normal,512,262144,1756885.0
223,Zigzag,asm,normal,512,262144,1486749.0
224,Zigzag,asm,normal,512,262144,1644540.0
225,Zigzag,asm,normal,512,262144,1637723.0
226,Zigzag,asm,normal,512,262144,1720571.0
227,Zigzag,asm,normal,512,262144,1486365.0
228,Zigzag,asm,normal,512,262144,1588785.0
229,Zigzag,asm,normal,512,262144,1681972.0
230,Zigzag,asm,normal,512,262144,1865156.0
231,Zigzag,asm,normal,512,262144,1481194.0
232,Zigzag,asm,normal,512,262144,2710223.0
233,Zigzag,asm,normal,512,262144,1482296.0
234,Zigzag,asm,normal,512,262144,1586727.0
235,Zigzag,asm,normal,512,262144,1561831.0
236,Zigzag,asm,normal,512,262144,1567369.0
237,Zigzag,asm,normal,512,262144,1566022.0
238,Zigzag,asm,normal,512,262144,1767141.0
239,Zigzag,asm,normal,512,262144,1694101.0
240,Zigzag,asm,normal,576,331776,2091992.0
241,Zigzag,asm,normal,576,331776,1936165.0
242,Zigzag,asm,normal,576,331776,2071660.0
243,Zigzag,asm,normal,576,331776,2159530.0
244,Zigzag,asm,normal,576,331776,2025907.0
245,Zigzag,asm,normal,576,331776,2082162.0
246,Zigzag,asm,normal,576,331776,2066269.0
247,Zigzag,asm,normal,576,331776,1934327.0
248,Zigzag,asm,normal,576,331776,2267401.0
249,Zigzag,asm,normal,576,331776,2256915.0
250,Zigzag,asm,normal,576,331776,2071148.0
251,Zigzag,asm,normal,576,331776,1982677.0
252,Zigzag,asm,normal,576,331776,2119898.0
253,Zigzag,asm,normal,576,331776,1954037.0
254,Zigzag,asm,normal,576,331776,2239833.0
255,Zigzag,asm,normal,576,331776,2170710.0
256,Zigzag,asm,normal,576,331776,2169496.0
257,Zigzag,asm,normal,576,331776,1964388.0
258,Zigzag,asm,normal,576,331776,2061667.0
259,Zigzag,asm,normal,576,331776,2040470.0
260,Zigzag,asm,normal,576,331776,2020757.0
261,Zigzag,asm,normal,576,331776,8647984.0
262,Zigzag,asm,normal,576,331776,2001008.0
263,Zigzag,asm,normal,576,331776,2444488.0
264,Zigzag,asm,normal,576,331776,2030095.0
265,Zigzag,asm,normal,576,331776,1892630.0
266,Zigzag,asm,normal,576,331776,2075357.0
267,Zigzag,asm,normal,576,331776,2105153.0
268,Zigzag,asm,normal,576,331776,2098937.0
269,Zigzag,asm,normal,576,331776,1976568.0
270,Zigzag,asm,normal,640,409600,2582094.0
271,Zigzag,asm,normal,640,409600,2635020.0
272,Zigzag,asm,normal,640,409600,2782688.0
273,Zigzag,asm,normal,640,409600,2705740.0
274,Zigzag,asm,normal,640,409600,2638109.0
275,Zigzag,asm,normal,640,409600,2412020.0
276,Zigzag,asm,normal,640,409600,2537253.0
277,Zigzag,asm,normal,640,409600,2553564.0
278,Zigzag,asm,normal,640,409600,2530509.0
279,Zigzag,asm,normal,640,409600,2580003.0
280,Zigzag,asm,normal,640,409600,2420022.0
281,Zigzag,asm,normal,640,409600,2672129.0
282,Zigzag,asm,normal,640,409600,14588609.0
283,Zigzag,asm,normal,640,409600,2537667.0
284,Zigzag,asm,normal,640,409600,2504371.0
285,Zigzag,asm,normal,640,409600,2616562.0
286,Zigzag,asm,normal,640,409600,2678236.0
287,Zigzag,asm,normal,640,409600,2537026.0
288,Zigzag,asm,normal,640,409600,2532049.0
289,Zigzag,asm,normal,640,409600,2426596.0
290,Zigzag,asm,normal,640,409600,3006256.0
291,Zigzag,asm,normal,640,409600,3717036.0
292,Zigzag,asm,normal,640,409600,2593003.0
293,Zigzag,asm,normal,640,409600,2577117.0
294,Zigzag,asm,normal,640,409600,2393020.0
295,Zigzag,asm,normal,640,409600,2643538.0
296,Zigzag,asm,normal,640,409600,2637439.0
297,Zigzag,asm,normal,640,409600,2348372.0
298,Zigzag,asm,normal,640,409600,2534571.0
299,Zigzag,asm,normal,640,409600,2537994.0
300,Zigzag,asm,normal,704,495616,3173356.0
301,Zigzag,asm,normal,704,495616,3186364.0
302,Zigzag,asm,normal,704,495616,3057002.0
303,Zigzag,asm,normal,704,495616,9821060.0
304,Zigzag,asm,normal,704,495616,3402228.0
305,Zigzag,asm,normal,704,495616,3183322.0
306,Zigzag,asm,normal,704,495616,4577791.0
307,Zigzag,asm,normal,704,495616,3223108.0
308,Zigzag,asm,normal,704,495616,3720628.0
309,Zigzag,asm,normal,704,495616,3195807.0
310,Zigzag,asm,normal,704,495616,3124889.0
311,Zigzag,asm,normal,704,495616,3253788.0
312,Zigzag,asm,normal,704,495616,3451733.0
313,Zigzag,asm,normal,704,495616,3346744.0
314,Zigzag,asm,normal,704,495616,3300275.0
315,Zigzag,asm,normal,704,495616,3288221.0
316,Zigzag,asm,normal,704,495616,3176903.0
317,Zigzag,asm,normal,704,495616,3139346.0
318,Zigzag,asm,normal,704,495616,3153798.0
319,Zigzag,asm,normal,704,495616,3851549.0
320,Zigzag,asm,normal,704,495616,3140981.0
321,Zigzag,asm,normal,704,495616,3179367.0
322,Zigzag,asm,normal,704,495616,3109492.0
323,Zigzag,asm,normal,704,495616,3161242.0
324,Zigzag,asm,normal,704,495616,3258324.0
325,Zigzag,asm,normal,704,495616,3204067.0
326,Zigzag,asm,normal,704,495616,3099431.0
327,Zigzag,asm,normal,704,495616,3104677.0
328,Zigzag,asm,normal,704,495616,3192542.0
329,Zigzag,asm,normal,704,495616,3348380.0
330,Zigzag,asm,normal,768,589824,4041097.0
331,Zigzag,asm,normal,768,589824,3716390.0
332,Zigzag,asm,normal,768,589824,3719807.0
333,Zigzag,asm,normal,768,589824,3940725.0
334,Zigzag,asm,normal,768,589824,3866056.0
335,Zigzag,asm,normal,768,589824,3679873.0
336,Zigzag,asm,normal,768,589824,3708311.0
337,Zigzag,asm,normal,768,589824,3763954.0
338,Zigzag,asm,normal,768,589824,7121762.0
339,Zigzag,asm,normal,768,589824,3753314.0
340,Zigzag,asm,normal,768,589824,3902998.0
341,Zigzag,asm,normal,768,589824,3635038.0
342,Zigzag,asm,normal,768,589824,4359193.0
343,Zigzag,asm,normal,768,589824,3718498.0
344,Zigzag,asm,normal,768,589824,4188098.0
345,Zigzag,asm,normal,768,589824,17739534.0
346,Zigzag,asm,normal,768,589824,3700480.0
347,Zigzag,asm,normal,768,589824,3986878.0
348,Zigzag,asm,normal,768,589824,3686953.0
349,Zigzag,asm,normal,768,589824,4251360.0
350,Zigzag,asm,normal,768,589824,4723833.0
351,Zigzag,asm,normal,768,589824,3767844.0
352,Zigzag,asm,normal,768,589824,4482261.0
353,Zigzag,asm,normal,768,589824,4110475.0
354,Zigzag,asm,normal,768,589824,3700304.0
355,Zigzag,asm,normal,768,589824,3861116.0
356,Zigzag,asm,normal,768,589824,3990533.0
357,Zigzag,asm,normal,768,589824,4226069.0
358,Zigzag,asm,normal,768,589824,3960355.0
359,Zigzag,asm,normal,768,589824,3724006.0
360,Zigzag,asm,normal,832,692224,4560068.0
361,Zigzag,asm,normal,832,692224,5244289.0
362,Zigzag,asm,normal,832,692224,4570440.0
363,Zigzag,asm,normal,832,692224,32447076.0
364,Zigzag,asm,normal,832,692224,4485290.0
365,Zigzag,asm,normal,832,692224,4373701.0
366,Zigzag,asm,normal,832,692224,4458345.0
367,Zigzag,asm,normal,832,692224,4409732.0
368,Zigzag,asm,normal,832,692224,5031966.0
369,Zigzag,asm,normal,832,692224,4286907.0
370,Zigzag,asm,normal,832,692224,4930908.0
371,Zigzag,asm,normal,832,692224,4406619.0
372,Zigzag,asm,normal,832,692224,4271689.0
373,Zigzag,asm,normal,832,692224,4266516.0
374,Zigzag,asm,normal,832,692224,4284253.0
375,Zigzag,asm,normal,832,692224,4562199.0
376,Zigzag,asm,normal,832,692224,4396218.0
377,Zigzag,asm,normal,832,692224,4594974.0
378,Zigzag,asm,normal,832,692224,4701233.0
379,Zigzag,asm,normal,832,692224,9359941.0
380,Zigzag,asm,normal,832,692224,4372066.0
381,Zigzag,asm,normal,832,692224,6667024.0
382,Zigzag,asm,normal,832,692224,4640846.0
383,Zigzag,asm,normal,832,692224,4534817.0
384,Zigzag,asm,normal,832,692224,4357231.0
385,Zigzag,asm,normal,832,692224,4766057.0
386,Zigzag,asm,normal,832,692224,4925211.0
387,Zigzag,asm,normal,832,692224,4472595.0
388,Zigzag,asm,normal,832,692224,4382048.0
389,Zigzag,asm,normal,832,692224,4572340.0
390,Zigzag,asm,normal,896,802816,5224237.0
391,Zigzag,asm,normal,896,802816,5718255.0
392,Zigzag,asm,normal,896,802816,4970620.0
393,Zigzag,asm,normal,896,802816,7286516.0
394,Zigzag,asm,normal,896,802816,5074778.0
395,Zigzag,asm,normal,896,802816,5181912.0
396,Zigzag,asm,normal,896,802816,19137488.0
397,Zigzag,asm,normal,896,802816,5161621.0
398,Zigzag,asm,normal,896,802816,5349155.0
399,Zigzag,asm,normal,896,802816,4968159.0
400,Zigzag,asm,normal,896,802816,5420496.0
401,Zigzag,asm,normal,896,802816,5420456.0
402,Zigzag,asm,normal,896,802816,5188645.0
403,Zigzag,asm,normal,896,802816,5500865.0
404,Zigzag,asm,normal,896,802816,12191855.0
405,Zigzag,asm,normal,896,802816,5259474.0
406,Zigzag,asm,normal,896,802816,4967432.0
407,Zigzag,asm,normal,896,802816,5172165.0
408,Zigzag,asm,normal,896,802816,6588993.0
409,Zigzag,asm,normal,896,802816,5284712.0
410,Zigzag,asm,normal,896,802816,12934467.0
411,Zigzag,asm,normal,896,802816,5736795.0
412,Zigzag,asm,normal,896,802816,5218564.0
413,Zigzag,asm,normal,896,802816,5322538.0
414,Zigzag,asm,normal,896,802816,5297537.0
415,Zigzag,asm,normal,896,802816,5167090.0
416,Zigzag,asm,normal,896,802816,5134294.0
417,Zigzag,asm,normal,896,802816,4933180.0
418,Zigzag,asm,normal,896,802816,5272108.0
419,Zigzag,asm,normal,896,802816,5353822.0
420,Zigzag,asm,normal,960,921600,6043415.0
421,Zigzag,asm,normal,960,921600,6127624.0
422,Zigzag,asm,normal,960,921600,6289440.0
423,Zigzag,asm,normal,960,921600,20519024.0
424,Zigzag,asm,normal,960,921600,5811823.0
425,Zigzag,asm,normal,960,921600,5901388.0
426,Zigzag,asm,normal,960,921600,12694953.0
427,Zigzag,asm,normal,960,921600,5831289.0
428,Zigzag,asm,normal,960,921600,5681117.0
429,Zigzag,asm,normal,960,921600,6208854.0
430,Zigzag,asm,normal,960,921600,6720304.0
431,Zigzag,asm,normal,960,921600,5850296.0
432,Zigzag,asm,normal,960,921600,6817072.0
433,Zigzag,asm,normal,960,921600,5931184.0
434,Zigzag,asm,normal,960,921600,5951689.0
435,Zigzag,asm,normal,960,921600,6185987.0
436,Zigzag,asm,normal,960,921600,32374328.0
437,Zigzag,asm,normal,960,921600,5925136.0
438,Zigzag,asm,normal,960,921600,6028739.0
439,Zigzag,asm,normal,960,921600,7909330.0
440,Zigzag,asm,normal,960,921600,6132196.0
441,Zigzag,asm,normal,960,921600,6267684.0
442,Zigzag,asm,normal,960,921600,6123968.0
443,Zigzag,asm,normal,960,921600,6769444.0
444,Zigzag,asm,normal,960,921600,6172194.0
445,Zigzag,asm,normal,960,921600,20270416.0
446,Zigzag,asm,normal,960,921600,6757343.0
447,Zigzag,asm,normal,960,921600,6387880.0
448,Zigzag,asm,normal,960,921600,5794005.0
449,Zigzag,asm,normal,960,921600,6897094.0
450,Zigzag,asm,normal,1024,1048576,7479448.0
451,Zigzag,asm,normal,1024,1048576,7153413.0
452,Zigzag,asm,normal,1024,1048576,9238924.0
453,Zigzag,asm,normal,1024,1048576,7149627.0
454,Zigzag,asm,normal,1024,1048576,7358406.0
455,Zigzag,asm,normal,1024,1048576,32974524.0
456,Zigzag,asm,normal,1024,1048576,7709728.0
457,Zigzag,asm,normal,1024,1048576,7458542.0
458,Zigzag,asm,normal,1024,1048576,7686597.0
459,Zigzag,asm,normal,1024,1048576,7425624.0
460,Zigzag,asm,normal,1024,1048576,19740332.0
461,Zigzag,asm,normal,1024,1048576,7748236.0
462,Zigzag,asm,normal,1024,1048576,7316599.0
463,Zigzag,asm,normal,1024,1048576,7242292.0
464,Zigzag,asm,normal,1024,1048576,13267084.0
465,Zigzag,asm,normal,1024,1048576,7827447.0
466,Zigzag,asm,normal,1024,1048576,7452283.0
467,Zigzag,asm,normal,1024,1048576,16313452.0
468,Zigzag,asm,normal,1024,1048576,13191735.0
469,Zigzag,asm,normal,1024,1048576,7139291.0
470,Zigzag,asm,normal,1024,1048576,21746352.0
471,Zigzag,asm,normal,1024,1048576,7942474.0
472,Zigzag,asm,normal,1024,1048576,18659960.0
473,Zigzag,asm,normal,1024,1048576,7446567.0
474,Zigzag,asm,normal,1024,1048576,7774483.0
475,Zigzag,asm,normal,1024,1048576,26284154.0
476,Zigzag,asm,normal,1024,1048576,7908817.0
477,Zigzag,asm,normal,1024,1048576,7411591.0
478,Zigzag,asm,normal,1024,1048576,7624540.0
479,Zigzag,asm,normal,1024,1048576,7341963.0
480,Zigzag,asm,mascara-memoria-con-align,64,4096,25915.0
481,Zigzag,asm,mascara-memoria-con-align,64,4096,26097.0
482,Zigzag,asm,mascara-memoria-con-align,64,4096,25888.0
483,Zigzag,asm,mascara-memoria-con-align,64,4096,25963.0
484,Zigzag,asm,mascara-memoria-con-align,64,4096,26689.0
485,Zigzag,asm,mascara-memoria-con-align,64,4096,30800.0
486,Zigzag,asm,mascara-memoria-con-align,64,4096,25727.0
487,Zigzag,asm,mascara-memoria-con-align,64,4096,27565.0
488,Zigzag,asm,mascara-memoria-con-align,64,4096,27479.0
489,Zigzag,asm,mascara-memoria-con-align,64,4096,26034.0
490,Zigzag,asm,mascara-memoria-con-align,64,4096,26004.0
491,Zigzag,asm,mascara-memoria-con-align,64,4096,25710.0
492,Zigzag,asm,mascara-memoria-con-align,64,4096,26052.0
493,Zigzag,asm,mascara-memoria-con-align,64,4096,25876.0
494,Zigzag,asm,mascara-memoria-con-align,64,4096,27690.0
495,Zigzag,asm,mascara-memoria-con-align,64,4096,27455.0
496,Zigzag,asm,mascara-memoria-con-align,64,4096,27550.0
497,Zigzag,asm,mascara-memoria-con-align,64,4096,25900.0
498,Zigzag,asm,mascara-memoria-con-align,64,4096,25927.0
499,Zigzag,asm,mascara-memoria-con-align,64,4096,25790.0
500,Zigzag,asm,mascara-memoria-con-align,64,4096,27306.0
501,Zigzag,asm,mascara-memoria-con-align,64,4096,27491.0
502,Zigzag,asm,mascara-memoria-con-align,64,4096,25707.0
503,Zigzag,asm,mascara-memoria-con-align,64,4096,25719.0
504,Zigzag,asm,mascara-memoria-con-align,64,4096,26678.0
505,Zigzag,asm,mascara-memoria-con-align,64,4096,29716.0
506,Zigzag,asm,mascara-memoria-con-align,64,4096,26308.0
507,Zigzag,asm,mascara-memoria-con-align,64,4096,27344.0
508,Zigzag,asm,mascara-memoria-con-align,64,4096,27371.0
509,Zigzag,asm,mascara-memoria-con-align,64,4096,31247.0
510,Zigzag,asm,mascara-memoria-con-align,128,16384,103579.0
511,Zigzag,asm,mascara-memoria-con-align,128,16384,103389.0
512,Zigzag,asm,mascara-memoria-con-align,128,16384,103832.0
513,Zigzag,asm,mascara-memoria-con-align,128,16384,103892.0
514,Zigzag,asm,mascara-memoria-con-align,128,16384,103927.0
515,Zigzag,asm,mascara-memoria-con-align,128,16384,105224.0
516,Zigzag,asm,mascara-memoria-con-align,128,16384,104616.0
517,Zigzag,asm,mascara-memoria-con-align,128,16384,113231.0
518,Zigzag,asm,mascara-memoria-con-align,128,16384,104717.0
519,Zigzag,asm,mascara-memoria-con-align,128,16384,109647.0
520,Zigzag,asm,mascara-memoria-con-align,128,16384,110037.0
521,Zigzag,asm,mascara-memoria-con-align,128,16384,109945.0
522,Zigzag,asm,mascara-memoria-con-align,128,16384,104717.0
523,Zigzag,asm,mascara-memoria-con-align,128,16384,111270.0
524,Zigzag,asm,mascara-memoria-con-align,128,16384,104110.0
525,Zigzag,asm,mascara-memoria-con-align,128,16384,104276.0
526,Zigzag,asm,mascara-memoria-con-align,128,16384,110421.0
527,Zigzag,asm,mascara-memoria-con-align,128,16384,110219.0
528,Zigzag,asm,mascara-memoria-con-align,128,16384,110165.0
529,Zigzag,asm,mascara-memoria-con-align,128,16384,109861.0
530,Zigzag,asm,mascara-memoria-con-align,128,16384,116254.0
531,Zigzag,asm,mascara-memoria-con-align,128,16384,103874.0
532,Zigzag,asm,mascara-memoria-con-align,128,16384,104568.0
533,Zigzag,asm,mascara-memoria-con-align,128,16384,104235.0
534,Zigzag,asm,mascara-memoria-con-align,128,16384,113668.0
535,Zigzag,asm,mascara-memoria-con-align,128,16384,109197.0
536,Zigzag,asm,mascara-memoria-con-align,128,16384,108774.0
537,Zigzag,asm,mascara-memoria-con-align,128,16384,110076.0
538,Zigzag,asm,mascara-memoria-con-align,128,16384,109787.0
539,Zigzag,asm,mascara-memoria-con-align,128,16384,104967.0
540,Zigzag,asm,mascara-memoria-con-align,192,36864,218704.0
541,Zigzag,asm,mascara-memoria-con-align,192,36864,218126.0
542,Zigzag,asm,mascara-memoria-con-align,192,36864,260285.0
543,Zigzag,asm,mascara-memoria-con-align,192,36864,218284.0
544,Zigzag,asm,mascara-memoria-con-align,192,36864,409643.0
545,Zigzag,asm,mascara-memoria-con-align,192,36864,229951.0
546,Zigzag,asm,mascara-memoria-con-align,192,36864,229519.0
547,Zigzag,asm,mascara-memoria-con-align,192,36864,271608.0
548,Zigzag,asm,mascara-memoria-con-align,192,36864,259308.0
549,Zigzag,asm,mascara-memoria-con-align,192,36864,230479.0
550,Zigzag,asm,mascara-memoria-con-align,192,36864,218391.0
551,Zigzag,asm,mascara-memoria-con-align,192,36864,217846.0
552,Zigzag,asm,mascara-memoria-con-align,192,36864,218066.0
553,Zigzag,asm,mascara-memoria-con-align,192,36864,218033.0
554,Zigzag,asm,mascara-memoria-con-align,192,36864,268373.0
555,Zigzag,asm,mascara-memoria-con-align,192,36864,316936.0
556,Zigzag,asm,mascara-memoria-con-align,192,36864,236629.0
557,Zigzag,asm,mascara-memoria-con-align,192,36864,230410.0
558,Zigzag,asm,mascara-memoria-con-align,192,36864,307089.0
559,Zigzag,asm,mascara-memoria-con-align,192,36864,217885.0
560,Zigzag,asm,mascara-memoria-con-align,192,36864,217780.0
561,Zigzag,asm,mascara-memoria-con-align,192,36864,274380.0
562,Zigzag,asm,mascara-memoria-con-align,192,36864,230110.0
563,Zigzag,asm,mascara-memoria-con-align,192,36864,237032.0
564,Zigzag,asm,mascara-memoria-con-align,192,36864,230913.0
565,Zigzag,asm,mascara-memoria-con-align,192,36864,230410.0
566,Zigzag,asm,mascara-memoria-con-align,192,36864,229672.0
567,Zigzag,asm,mascara-memoria-con-align,192,36864,231009.0
568,Zigzag,asm,mascara-memoria-con-align,192,36864,261290.0
569,Zigzag,asm,mascara-memoria-con-align,192,36864,218221.0
570,Zigzag,asm,mascara-memoria-con-align,256,65536,388220.0
571,Zigzag,asm,mascara-memoria-con-align,256,65536,407096.0
572,Zigzag,asm,mascara-memoria-con-align,256,65536,407171.0
573,Zigzag,asm,mascara-memoria-con-align,256,65536,406843.0
574,Zigzag,asm,mascara-memoria-con-align,256,65536,408517.0
575,Zigzag,asm,mascara-memoria-con-align,256,65536,386802.0
576,Zigzag,asm,mascara-memoria-con-align,256,65536,386826.0
577,Zigzag,asm,mascara-memoria-con-align,256,65536,466268.0
578,Zigzag,asm,mascara-memoria-con-align,256,65536,386409.0
579,Zigzag,asm,mascara-memoria-con-align,256,65536,445089.0
580,Zigzag,asm,mascara-memoria-con-align,256,65536,386370.0
581,Zigzag,asm,mascara-memoria-con-align,256,65536,406852.0
582,Zigzag,asm,mascara-memoria-con-align,256,65536,430443.0
583,Zigzag,asm,mascara-memoria-con-align,256,65536,407960.0
584,Zigzag,asm,mascara-memoria-con-align,256,65536,407090.0
585,Zigzag,asm,mascara-memoria-con-align,256,65536,474529.0
586,Zigzag,asm,mascara-memoria-con-align,256,65536,544574.0
587,Zigzag,asm,mascara-memoria-con-align,256,65536,444470.0
588,Zigzag,asm,mascara-memoria-con-align,256,65536,406158.0
589,Zigzag,asm,mascara-memoria-con-align,256,65536,432793.0
590,Zigzag,asm,mascara-memoria-con-align,256,65536,385828.0
591,Zigzag,asm,mascara-memoria-con-align,256,65536,406554.0
592,Zigzag,asm,mascara-memoria-con-align,256,65536,706988.0
593,Zigzag,asm,mascara-memoria-con-align,256,65536,443508.0
594,Zigzag,asm,mascara-memoria-con-align,256,65536,406161.0
595,Zigzag,asm,mascara-memoria-con-align,256,65536,386078.0
596,Zigzag,asm,mascara-memoria-con-align,256,65536,387696.0
597,Zigzag,asm,mascara-memoria-con-align,256,65536,640476.0
598,Zigzag,asm,mascara-memoria-con-align,256,65536,386578.0
599,Zigzag,asm,mascara-memoria-con-align,256,65536,463410.0
600,Zigzag,asm,mascara-memoria-con-align,320,102400,654235.0
601,Zigzag,asm,mascara-memoria-con-align,320,102400,636008.0
602,Zigzag,asm,mascara-memoria-con-align,320,102400,603564.0
603,Zigzag,asm,mascara-memoria-con-align,320,102400,601402.0
604,Zigzag,asm,mascara-memoria-con-align,320,102400,636592.0
605,Zigzag,asm,mascara-memoria-con-align,320,102400,603370.0
606,Zigzag,asm,mascara-memoria-con-align,320,102400,945224.0
607,Zigzag,asm,mascara-memoria-con-align,320,102400,602980.0
608,Zigzag,asm,mascara-memoria-con-align,320,102400,968124.0
609,Zigzag,asm,mascara-memoria-con-align,320,102400,635922.0
610,Zigzag,asm,mascara-memoria-con-align,320,102400,654872.0
611,Zigzag,asm,mascara-memoria-con-align,320,102400,636384.0
612,Zigzag,asm,mascara-memoria-con-align,320,102400,653654.0
613,Zigzag,asm,mascara-memoria-con-align,320,102400,636944.0
614,Zigzag,asm,mascara-memoria-con-align,320,102400,602989.0
615,Zigzag,asm,mascara-memoria-con-align,320,102400,603168.0
616,Zigzag,asm,mascara-memoria-con-align,320,102400,694088.0
617,Zigzag,asm,mascara-memoria-con-align,320,102400,637616.0
618,Zigzag,asm,mascara-memoria-con-align,320,102400,639267.0
619,Zigzag,asm,mascara-memoria-con-align,320,102400,712276.0
620,Zigzag,asm,mascara-memoria-con-align,320,102400,736978.0
621,Zigzag,asm,mascara-memoria-con-align,320,102400,668443.0
622,Zigzag,asm,mascara-memoria-con-align,320,102400,673231.0
623,Zigzag,asm,mascara-memoria-con-align,320,102400,604508.0
624,Zigzag,asm,mascara-memoria-con-align,320,102400,601443.0
625,Zigzag,asm,mascara-memoria-con-align,320,102400,728055.0
626,Zigzag,asm,mascara-memoria-con-align,320,102400,635552.0
627,Zigzag,asm,mascara-memoria-con-align,320,102400,602676.0
628,Zigzag,asm,mascara-memoria-con-align,320,102400,602313.0
629,Zigzag,asm,mascara-memoria-con-align,320,102400,665592.0
630,Zigzag,asm,mascara-memoria-con-align,384,147456,937350.0
631,Zigzag,asm,mascara-memoria-con-align,384,147456,866859.0
632,Zigzag,asm,mascara-memoria-con-align,384,147456,910108.0
633,Zigzag,asm,mascara-memoria-con-align,384,147456,915287.0
634,Zigzag,asm,mascara-memoria-con-align,384,147456,867577.0
635,Zigzag,asm,mascara-memoria-con-align,384,147456,1037696.0
636,Zigzag,asm,mascara-memoria-con-align,384,147456,1017352.0
637,Zigzag,asm,mascara-memoria-con-align,384,147456,961792.0
638,Zigzag,asm,mascara-memoria-con-align,384,147456,940713.0
639,Zigzag,asm,mascara-memoria-con-align,384,147456,866942.0
640,Zigzag,asm,mascara-memoria-con-align,384,147456,981559.0
641,Zigzag,asm,mascara-memoria-con-align,384,147456,866427.0
642,Zigzag,asm,mascara-memoria-con-align,384,147456,876998.0
643,Zigzag,asm,mascara-memoria-con-align,384,147456,977644.0
644,Zigzag,asm,mascara-memoria-con-align,384,147456,912226.0
645,Zigzag,asm,mascara-memoria-con-align,384,147456,962156.0
646,Zigzag,asm,mascara-memoria-con-align,384,147456,868712.0
647,Zigzag,asm,mascara-memoria-con-align,384,147456,867958.0
648,Zigzag,asm,mascara-memoria-con-align,384,147456,914879.0
649,Zigzag,asm,mascara-memoria-con-align,384,147456,1019324.0
650,Zigzag,asm,mascara-memoria-con-align,384,147456,981662.0
651,Zigzag,asm,mascara-memoria-con-align,384,147456,956934.0
652,Zigzag,asm,mascara-memoria-con-align,384,147456,951600.0
653,Zigzag,asm,mascara-memoria-con-align,384,147456,988508.0
654,Zigzag,asm,mascara-memoria-con-align,384,147456,973636.0
655,Zigzag,asm,mascara-memoria-con-align,384,147456,866395.0
656,Zigzag,asm,mascara-memoria-con-align,384,147456,970615.0
657,Zigzag,asm,mascara-memoria-con-align,384,147456,920658.0
658,Zigzag,asm,mascara-memoria-con-align,384,147456,884541.0
659,Zigzag,asm,mascara-memoria-con-align,384,147456,942503.0
660,Zigzag,asm,mascara-memoria-con-align,448,200704,1527243.0
661,Zigzag,asm,mascara-memoria-con-align,448,200704,1187054.0
662,Zigzag,asm,mascara-memoria-con-align,448,200704,1259198.0
663,Zigzag,asm,mascara-memoria-con-align,448,200704,1272404.0
664,Zigzag,asm,mascara-memoria-con-align,448,200704,1286166.0
665,Zigzag,asm,mascara-memoria-con-align,448,200704,1346970.0
666,Zigzag,asm,mascara-memoria-con-align,448,200704,1190206.0
667,Zigzag,asm,mascara-memoria-con-align,448,200704,8034172.0
668,Zigzag,asm,mascara-memoria-con-align,448,200704,1391719.0
669,Zigzag,asm,mascara-memoria-con-align,448,200704,1328812.0
670,Zigzag,asm,mascara-memoria-con-align,448,200704,1179366.0
671,Zigzag,asm,mascara-memoria-con-align,448,200704,1233495.0
672,Zigzag,asm,mascara-memoria-con-align,448,200704,1389654.0
673,Zigzag,asm,mascara-memoria-con-align,448,200704,1253336.0
674,Zigzag,asm,mascara-memoria-con-align,448,200704,1363410.0
675,Zigzag,asm,mascara-memoria-con-align,448,200704,1299867.0
676,Zigzag,asm,mascara-memoria-con-align,448,200704,1340705.0
677,Zigzag,asm,mascara-memoria-con-align,448,200704,1303656.0
678,Zigzag,asm,mascara-memoria-con-align,448,200704,1278697.0
679,Zigzag,asm,mascara-memoria-con-align,448,200704,1307852.0
680,Zigzag,asm,mascara-memoria-con-align,448,200704,1350177.0
681,Zigzag,asm,mascara-memoria-con-align,448,200704,1263326.0
682,Zigzag,asm,mascara-memoria-con-align,448,200704,1297163.0
683,Zigzag,asm,mascara-memoria-con-align,448,200704,1315095.0
684,Zigzag,asm,mascara-memoria-con-align,448,200704,1261498.0
685,Zigzag,asm,mascara-memoria-con-align,448,200704,1230832.0
686,Zigzag,asm,mascara-memoria-con-align,448,200704,1270210.0
687,Zigzag,asm,mascara-memoria-con-align,448,200704,1303650.0
688,Zigzag,asm,mascara-memoria-con-align,448,200704,1310121.0
689,Zigzag,asm,mascara-memoria-con-align,448,200704,1190173.0
690,Zigzag,asm,mascara-memoria-con-align,512,262144,1672800.0
691,Zigzag,asm,mascara-memoria-con-align,512,262144,1754016.0
692,Zigzag,asm,mascara-memoria-con-align,512,262144,1682112.0
693,Zigzag,asm,mascara-memoria-con-align,512,262144,1633115.0
694,Zigzag,asm,mascara-memoria-con-align,512,262144,1632817.0
695,Zigzag,asm,mascara-memoria-con-align,512,262144,1783707.0
696,Zigzag,asm,mascara-memoria-con-align,512,262144,1717544.0
697,Zigzag,asm,mascara-memoria-con-align,512,262144,1547265.0
698,Zigzag,asm,mascara-memoria-con-align,512,262144,1801486.0
699,Zigzag,asm,mascara-memoria-con-align,512,262144,1714202.0
700,Zigzag,asm,mascara-memoria-con-align,512,262144,1549782.0
701,Zigzag,asm,mascara-memoria-con-align,512,262144,1688013.0
702,Zigzag,asm,mascara-memoria-con-align,512,262144,1623815.0
703,Zigzag,asm,mascara-memoria-con-align,512,262144,1945705.0
704,Zigzag,asm,mascara-memoria-con-align,512,262144,1595356.0
705,Zigzag,asm,mascara-memoria-con-align,512,262144,13012154.0
706,Zigzag,asm,mascara-memoria-con-align,512,262144,1687384.0
707,Zigzag,asm,mascara-memoria-con-align,512,262144,1653901.0
708,Zigzag,asm,mascara-memoria-con-align,512,262144,2136445.0
709,Zigzag,asm,mascara-memoria-con-align,512,262144,1636234.0
710,Zigzag,asm,mascara-memoria-con-align,512,262144,1753101.0
711,Zigzag,asm,mascara-memoria-con-align,512,262144,1635824.0
712,Zigzag,asm,mascara-memoria-con-align,512,262144,1783080.0
713,Zigzag,asm,mascara-memoria-con-align,512,262144,1735250.0
714,Zigzag,asm,mascara-memoria-con-align,512,262144,1596261.0
715,Zigzag,asm,mascara-memoria-con-align,512,262144,1729587.0
716,Zigzag,asm,mascara-memoria-con-align,512,262144,1634776.0
717,Zigzag,asm,mascara-memoria-con-align,512,262144,1687926.0
718,Zigzag,asm,mascara-memoria-con-align,512,262144,1590985.0
719,Zigzag,asm,mascara-memoria-con-align,512,262144,1888466.0
720,Zigzag,asm,mascara-memoria-con-align,576,331776,2209024.0
721,Zigzag,asm,mascara-memoria-con-align,576,331776,2043854.0
722,Zigzag,asm,mascara-memoria-con-align,576,331776,2367802.0
723,Zigzag,asm,mascara-memoria-con-align,576,331776,2779353.0
724,Zigzag,asm,mascara-memoria-con-align,576,331776,2071658.0
725,Zigzag,asm,mascara-memoria-con-align,576,331776,2097274.0
726,Zigzag,asm,mascara-memoria-con-align,576,331776,2152476.0
727,Zigzag,asm,mascara-memoria-con-align,576,331776,2342201.0
728,Zigzag,asm,mascara-memoria-con-align,576,331776,2023512.0
729,Zigzag,asm,mascara-memoria-con-align,576,331776,2033282.0
730,Zigzag,asm,mascara-memoria-con-align,576,331776,2155839.0
731,Zigzag,asm,mascara-memoria-con-align,576,331776,2024876.0
732,Zigzag,asm,mascara-memoria-con-align,576,331776,2046001.0
733,Zigzag,asm,mascara-memoria-con-align,576,331776,2455444.0
734,Zigzag,asm,mascara-memoria-con-align,576,331776,2017765.0
735,Zigzag,asm,mascara-memoria-con-align,576,331776,2242634.0
736,Zigzag,asm,mascara-memoria-con-align,576,331776,2240140.0
737,Zigzag,asm,mascara-memoria-con-align,576,331776,2319809.0
738,Zigzag,asm,mascara-memoria-con-align,576,331776,2035447.0
739,Zigzag,asm,mascara-memoria-con-align,576,331776,2035263.0
740,Zigzag,asm,mascara-memoria-con-align,576,331776,2158544.0
741,Zigzag,asm,mascara-memoria-con-align,576,331776,2245874.0
742,Zigzag,asm,mascara-memoria-con-align,576,331776,2101387.0
743,Zigzag,asm,mascara-memoria-con-align,576,331776,2024027.0
744,Zigzag,asm,mascara-memoria-con-align,576,331776,2075622.0
745,Zigzag,asm,mascara-memoria-con-align,576,331776,2140680.0
746,Zigzag,asm,mascara-memoria-con-align,576,331776,2213294.0
747,Zigzag,asm,mascara-memoria-con-align,576,331776,2093584.0
748,Zigzag,asm,mascara-memoria-con-align,576,331776,2114924.0
749,Zigzag,asm,mascara-memoria-con-align,576,331776,2242648.0
750,Zigzag,asm,mascara-memoria-con-align,640,409600,2747009.0
751,Zigzag,asm,mascara-memoria-con-align,640,409600,2682285.0
752,Zigzag,asm,mascara-memoria-con-align,640,409600,2627449.0
753,Zigzag,asm,mascara-memoria-con-align,640,409600,2755668.0
754,Zigzag,asm,mascara-memoria-con-align,640,409600,2832517.0
755,Zigzag,asm,mascara-memoria-con-align,640,409600,2633439.0
756,Zigzag,asm,mascara-memoria-con-align,640,409600,2613317.0
757,Zigzag,asm,mascara-memoria-con-align,640,409600,4095340.0
758,Zigzag,asm,mascara-memoria-con-align,640,409600,2653918.0
759,Zigzag,asm,mascara-memoria-con-align,640,409600,2634505.0
760,Zigzag,asm,mascara-memoria-con-align,640,409600,2509767.0
761,Zigzag,asm,mascara-memoria-con-align,640,409600,2734018.0
762,Zigzag,asm,mascara-memoria-con-align,640,409600,2876953.0
763,Zigzag,asm,mascara-memoria-con-align,640,409600,2513608.0
764,Zigzag,asm,mascara-memoria-con-align,640,409600,2804739.0
765,Zigzag,asm,mascara-memoria-con-align,640,409600,2710033.0
766,Zigzag,asm,mascara-memoria-con-align,640,409600,16751126.0
767,Zigzag,asm,mascara-memoria-con-align,640,409600,2485905.0
768,Zigzag,asm,mascara-memoria-con-align,640,409600,2488023.0
769,Zigzag,asm,mascara-memoria-con-align,640,409600,2873830.0
770,Zigzag,asm,mascara-memoria-con-align,640,409600,2700201.0
771,Zigzag,asm,mascara-memoria-con-align,640,409600,2757119.0
772,Zigzag,asm,mascara-memoria-con-align,640,409600,2661602.0
773,Zigzag,asm,mascara-memoria-con-align,640,409600,2491196.0
774,Zigzag,asm,mascara-memoria-con-align,640,409600,2483123.0
775,Zigzag,asm,mascara-memoria-con-align,640,409600,2960729.0
776,Zigzag,asm,mascara-memoria-con-align,640,409600,2606461.0
777,Zigzag,asm,mascara-memoria-con-align,640,409600,2719396.0
778,Zigzag,asm,mascara-memoria-con-align,640,409600,4014869.0
779,Zigzag,asm,mascara-memoria-con-align,640,409600,2858271.0
780,Zigzag,asm,mascara-memoria-con-align,704,495616,3158882.0
781,Zigzag,asm,mascara-memoria-con-align,704,495616,3205231.0
782,Zigzag,asm,mascara-memoria-con-align,704,495616,3248738.0
783,Zigzag,asm,mascara-memoria-con-align,704,495616,3199632.0
784,Zigzag,asm,mascara-memoria-con-align,704,495616,3354635.0
785,Zigzag,asm,mascara-memoria-con-align,704,495616,3421087.0
786,Zigzag,asm,mascara-memoria-con-align,704,495616,3379451.0
787,Zigzag,asm,mascara-memoria-con-align,704,495616,3222770.0
788,Zigzag,asm,mascara-memoria-con-align,704,495616,3704835.0
789,Zigzag,asm,mascara-memoria-con-align,704,495616,3143329.0
790,Zigzag,asm,mascara-memoria-con-align,704,495616,3395061.0
791,Zigzag,asm,mascara-memoria-con-align,704,495616,24350988.0
792,Zigzag,asm,mascara-memoria-con-align,704,495616,3383326.0
793,Zigzag,asm,mascara-memoria-con-align,704,495616,3156381.0
794,Zigzag,asm,mascara-memoria-con-align,704,495616,3269095.0
795,Zigzag,asm,mascara-memoria-con-align,704,495616,3183585.0
796,Zigzag,asm,mascara-memoria-con-align,704,495616,3353999.0
797,Zigzag,asm,mascara-memoria-con-align,704,495616,3262438.0
798,Zigzag,asm,mascara-memoria-con-align,704,495616,3176749.0
799,Zigzag,asm,mascara-memoria-con-align,704,495616,3489364.0
800,Zigzag,asm,mascara-memoria-con-align,704,495616,3170610.0
801,Zigzag,asm,mascara-memoria-con-align,704,495616,3606240.0
802,Zigzag,asm,mascara-memoria-con-align,704,495616,3186585.0
803,Zigzag,asm,mascara-memoria-con-align,704,495616,3367608.0
804,Zigzag,asm,mascara-memoria-con-align,704,495616,3081710.0
805,Zigzag,asm,mascara-memoria-con-align,704,495616,3147104.0
806,Zigzag,asm,mascara-memoria-con-align,704,495616,3358918.0
807,Zigzag,asm,mascara-memoria-con-align,704,495616,3353502.0
808,Zigzag,asm,mascara-memoria-con-align,704,495616,3462973.0
809,Zigzag,asm,mascara-memoria-con-align,704,495616,3158847.0
810,Zigzag,asm,mascara-memoria-con-align,768,589824,3942478.0
811,Zigzag,asm,mascara-memoria-con-align,768,589824,4232230.0
812,Zigzag,asm,mascara-memoria-con-align,768,589824,4094258.0
813,Zigzag,asm,mascara-memoria-con-align,768,589824,24971108.0
814,Zigzag,asm,mascara-memoria-con-align,768,589824,4208948.0
815,Zigzag,asm,mascara-memoria-con-align,768,589824,3859029.0
816,Zigzag,asm,mascara-memoria-con-align,768,589824,4197822.0
817,Zigzag,asm,mascara-memoria-con-align,768,589824,4059414.0
818,Zigzag,asm,mascara-memoria-con-align,768,589824,3861081.0
819,Zigzag,asm,mascara-memoria-con-align,768,589824,3800285.0
820,Zigzag,asm,mascara-memoria-con-align,768,589824,4080197.0
821,Zigzag,asm,mascara-memoria-con-align,768,589824,3803627.0
822,Zigzag,asm,mascara-memoria-con-align,768,589824,3819900.0
823,Zigzag,asm,mascara-memoria-con-align,768,589824,4059452.0
824,Zigzag,asm,mascara-memoria-con-align,768,589824,3738718.0
825,Zigzag,asm,mascara-memoria-con-align,768,589824,3828312.0
826,Zigzag,asm,mascara-memoria-con-align,768,589824,3938617.0
827,Zigzag,asm,mascara-memoria-con-align,768,589824,3896093.0
828,Zigzag,asm,mascara-memoria-con-align,768,589824,3844984.0
829,Zigzag,asm,mascara-memoria-con-align,768,589824,4224491.0
830,Zigzag,asm,mascara-memoria-con-align,768,589824,3952645.0
831,Zigzag,asm,mascara-memoria-con-align,768,589824,11420497.0
832,Zigzag,asm,mascara-memoria-con-align,768,589824,17897052.0
833,Zigzag,asm,mascara-memoria-con-align,768,589824,3817660.0
834,Zigzag,asm,mascara-memoria-con-align,768,589824,3898366.0
835,Zigzag,asm,mascara-memoria-con-align,768,589824,3932999.0
836,Zigzag,asm,mascara-memoria-con-align,768,589824,3957219.0
837,Zigzag,asm,mascara-memoria-con-align,768,589824,3739912.0
838,Zigzag,asm,mascara-memoria-con-align,768,589824,4032640.0
839,Zigzag,asm,mascara-memoria-con-align,768,589824,3763432.0
840,Zigzag,asm,mascara-memoria-con-align,832,692224,7385271.0
841,Zigzag,asm,mascara-memoria-con-align,832,692224,4840342.0
842,Zigzag,asm,mascara-memoria-con-align,832,692224,4810430.0
843,Zigzag,asm,mascara-memoria-con-align,832,692224,4666972.0
844,Zigzag,asm,mascara-memoria-con-align,832,692224,5440039.0
845,Zigzag,asm,mascara-memoria-con-align,832,692224,4742796.0
846,Zigzag,asm,mascara-memoria-con-align,832,692224,4614662.0
847,Zigzag,asm,mascara-memoria-con-align,832,692224,4682908.0
848,Zigzag,asm,mascara-memoria-con-align,832,692224,4537406.0
849,Zigzag,asm,mascara-memoria-con-align,832,692224,4394361.0
850,Zigzag,asm,mascara-memoria-con-align,832,692224,4531514.0
851,Zigzag,asm,mascara-memoria-con-align,832,692224,4482081.0
852,Zigzag,asm,mascara-memoria-con-align,832,692224,4782972.0
853,Zigzag,asm,mascara-memoria-con-align,832,692224,4707703.0
854,Zigzag,asm,mascara-memoria-con-align,832,692224,4426565.0
855,Zigzag,asm,mascara-memoria-con-align,832,692224,4434658.0
856,Zigzag,asm,mascara-memoria-con-align,832,692224,5093311.0
857,Zigzag,asm,mascara-memoria-con-align,832,692224,5414192.0
858,Zigzag,asm,mascara-memoria-con-align,832,692224,4515247.0
859,Zigzag,asm,mascara-memoria-con-align,832,692224,25907776.0
860,Zigzag,asm,mascara-memoria-con-align,832,692224,4707202.0
861,Zigzag,asm,mascara-memoria-con-align,832,692224,4491510.0
862,Zigzag,asm,mascara-memoria-con-align,832,692224,4550789.0
863,Zigzag,asm,mascara-memoria-con-align,832,692224,6596282.0
864,Zigzag,asm,mascara-memoria-con-align,832,692224,5212385.0
865,Zigzag,asm,mascara-memoria-con-align,832,692224,4951684.0
866,Zigzag,asm,mascara-memoria-con-align,832,692224,15330614.0
867,Zigzag,asm,mascara-memoria-con-align,832,692224,4603858.0
868,Zigzag,asm,mascara-memoria-con-align,832,692224,4422439.0
869,Zigzag,asm,mascara-memoria-con-align,832,692224,4715397.0
870,Zigzag,asm,mascara-memoria-con-align,896,802816,5435664.0
871,Zigzag,asm,mascara-memoria-con-align,896,802816,5869239.0
872,Zigzag,asm,mascara-memoria-con-align,896,802816,5273503.0
873,Zigzag,asm,mascara-memoria-con-align,896,802816,5536842.0
874,Zigzag,asm,mascara-memoria-con-align,896,802816,5657572.0
875,Zigzag,asm,mascara-memoria-con-align,896,802816,5389712.0
876,Zigzag,asm,mascara-memoria-con-align,896,802816,5438532.0
877,Zigzag,asm,mascara-memoria-con-align,896,802816,5253935.0
878,Zigzag,asm,mascara-memoria-con-align,896,802816,5514376.0
879,Zigzag,asm,mascara-memoria-con-align,896,802816,5284979.0
880,Zigzag,asm,mascara-memoria-con-align,896,802816,5782917.0
881,Zigzag,asm,mascara-memoria-con-align,896,802816,5368513.0
882,Zigzag,asm,mascara-memoria-con-align,896,802816,5452715.0
883,Zigzag,asm,mascara-memoria-con-align,896,802816,5578541.0
884,Zigzag,asm,mascara-memoria-con-align,896,802816,5537414.0
885,Zigzag,asm,mascara-memoria-con-align,896,802816,5711393.0
886,Zigzag,asm,mascara-memoria-con-align,896,802816,5261220.0
887,Zigzag,asm,mascara-memoria-con-align,896,802816,5379893.0
888,Zigzag,asm,mascara-memoria-con-align,896,802816,5544399.0
889,Zigzag,asm,mascara-memoria-con-align,896,802816,7022597.0
890,Zigzag,asm,mascara-memoria-con-align,896,802816,5374887.0
891,Zigzag,asm,mascara-memoria-con-align,896,802816,5404716.0
892,Zigzag,asm,mascara-memoria-con-align,896,802816,5249479.0
893,Zigzag,asm,mascara-memoria-con-align,896,802816,10755194.0
894,Zigzag,asm,mascara-memoria-con-align,896,802816,5494717.0
895,Zigzag,asm,mascara-memoria-con-align,896,802816,5408102.0
896,Zigzag,asm,mascara-memoria-con-align,896,802816,5284158.0
897,Zigzag,asm,mascara-memoria-con-align,896,802816,5668424.0
898,Zigzag,asm,mascara-memoria-con-align,896,802816,5313233.0
899,Zigzag,asm,mascara-memoria-con-align,896,802816,5803947.0
900,Zigzag,asm,mascara-memoria-con-align,960,921600,8305887.0
901,Zigzag,asm,mascara-memoria-con-align,960,921600,6762414.0
902,Zigzag,asm,mascara-memoria-con-align,960,921600,7192775.0
903,Zigzag,asm,mascara-memoria-con-align,960,921600,6819893.0
904,Zigzag,asm,mascara-memoria-con-align,960,921600,6652061.0
905,Zigzag,asm,mascara-memoria-con-align,960,921600,6581820.0
906,Zigzag,asm,mascara-memoria-con-align,960,921600,6253109.0
907,Zigzag,asm,mascara-memoria-con-align,960,921600,6206168.0
908,Zigzag,asm,mascara-memoria-con-align,960,921600,23949856.0
909,Zigzag,asm,mascara-memoria-con-align,960,921600,7101651.0
910,Zigzag,asm,mascara-memoria-con-align,960,921600,6321768.0
911,Zigzag,asm,mascara-memoria-con-align,960,921600,6348672.0
912,Zigzag,asm,mascara-memoria-con-align,960,921600,6459415.0
913,Zigzag,asm,mascara-memoria-con-align,960,921600,9412553.0
914,Zigzag,asm,mascara-memoria-con-align,960,921600,15842091.0
915,Zigzag,asm,mascara-memoria-con-align,960,921600,23828178.0
916,Zigzag,asm,mascara-memoria-con-align,960,921600,6758882.0
917,Zigzag,asm,mascara-memoria-con-align,960,921600,6764681.0
918,Zigzag,asm,mascara-memoria-con-align,960,921600,6158201.0
919,Zigzag,asm,mascara-memoria-con-align,960,921600,21916260.0
920,Zigzag,asm,mascara-memoria-con-align,960,921600,6936026.0
921,Zigzag,asm,mascara-memoria-con-align,960,921600,11795699.0
922,Zigzag,asm,mascara-memoria-con-align,960,921600,6950726.0
923,Zigzag,asm,mascara-memoria-con-align,960,921600,6895184.0
924,Zigzag,asm,mascara-memoria-con-align,960,921600,6467440.0
925,Zigzag,asm,mascara-memoria-con-align,960,921600,6701463.0
926,Zigzag,asm,mascara-memoria-con-align,960,921600,6640922.0
927,Zigzag,asm,mascara-memoria-con-align,960,921600,7033815.0
928,Zigzag,asm,mascara-memoria-con-align,960,921600,7333177.0
929,Zigzag,asm,mascara-memoria-con-align,960,921600,9973204.0
930,Zigzag,asm,mascara-memoria-con-align,1024,1048576,8085305.0
931,Zigzag,asm,mascara-memoria-con-align,1024,1048576,16344297.0
932,Zigzag,asm,mascara-memoria-con-align,1024,1048576,8754832.0
933,Zigzag,asm,mascara-memoria-con-align,1024,1048576,8927794.0
934,Zigzag,asm,mascara-memoria-con-align,1024,1048576,16469656.0
935,Zigzag,asm,mascara-memoria-con-align,1024,1048576,9536546.0
936,Zigzag,asm,mascara-memoria-con-align,1024,1048576,9088979.0
937,Zigzag,asm,mascara-memoria-con-align,1024,1048576,8243453.0
938,Zigzag,asm,mascara-memoria-con-align,1024,1048576,7911456.0
939,Zigzag,asm,mascara-memoria-con-align,1024,1048576,8351354.0
940,Zigzag,asm,mascara-memoria-con-align,1024,1048576,18332332.0
941,Zigzag,asm,mascara-memoria-con-align,1024,1048576,9044745.0
942,Zigzag,asm,mascara-memoria-con-align,1024,1048576,26896936.0
943,Zigzag,asm,mascara-memoria-con-align,1024,1048576,8432075.0
944,Zigzag,asm,mascara-memoria-con-align,1024,1048576,8791441.0
945,Zigzag,asm,mascara-memoria-con-align,1024,1048576,26799262.0
946,Zigzag,asm,mascara-memoria-con-align,1024,1048576,8631686.0
947,Zigzag,asm,mascara-memoria-con-align,1024,1048576,8817508.0
948,Zigzag,asm,mascara-memoria-con-align,1024,1048576,9138308.0
949,Zigzag,asm,mascara-memoria-con-align,1024,1048576,8700163.0
950,Zigzag,asm,mascara-memoria-con-align,1024,1048576,9007130.0
951,Zigzag,asm,mascara-memoria-con-align,1024,1048576,9173053.0
952,Zigzag,asm,mascara-memoria-con-align,1024,1048576,9293156.0
953,Zigzag,asm,mascara-memoria-con-align,1024,1048576,8817076.0
954,Zigzag,asm,mascara-memoria-con-align,1024,1048576,7987137.0
955,Zigzag,asm,mascara-memoria-con-align,1024,1048576,7889085.0
956,Zigzag,asm,mascara-memoria-con-align,1024,1048576,10362862.0
957,Zigzag,asm,mascara-memoria-con-align,1024,1048576,8305170.0
958,Zigzag,asm,mascara-memoria-con-align,1024,1048576,8009750.0
959,Zigzag,asm,mascara-memoria-con-align,1024,1048576,8151381.0
960,Zigzag,asm,mascara-memoria-sin-align,64,4096,25662.0
961,Zigzag,asm,mascara-memoria-sin-align,64,4096,27434.0
962,Zigzag,asm,mascara-memoria-sin-align,64,4096,25748.0
963,Zigzag,asm,mascara-memoria-sin-align,64,4096,26156.0
964,Zigzag,asm,mascara-memoria-sin-align,64,4096,25962.0
965,Zigzag,asm,mascara-memoria-sin-align,64,4096,25656.0
966,Zigzag,asm,mascara-memoria-sin-align,64,4096,25885.0
967,Zigzag,asm,mascara-memoria-sin-align,64,4096,27172.0
968,Zigzag,asm,mascara-memoria-sin-align,64,4096,27151.0
969,Zigzag,asm,mascara-memoria-sin-align,64,4096,27119.0
970,Zigzag,asm,mascara-memoria-sin-align,64,4096,25602.0
971,Zigzag,asm,mascara-memoria-sin-align,64,4096,25709.0
972,Zigzag,asm,mascara-memoria-sin-align,64,4096,25804.0
973,Zigzag,asm,mascara-memoria-sin-align,64,4096,25599.0
974,Zigzag,asm,mascara-memoria-sin-align,64,4096,27431.0
975,Zigzag,asm,mascara-memoria-sin-align,64,4096,25727.0
976,Zigzag,asm,mascara-memoria-sin-align,64,4096,25590.0
977,Zigzag,asm,mascara-memoria-sin-align,64,4096,25471.0
978,Zigzag,asm,mascara-memoria-sin-align,64,4096,25888.0
979,Zigzag,asm,mascara-memoria-sin-align,64,4096,25835.0
980,Zigzag,asm,mascara-memoria-sin-align,64,4096,27053.0
981,Zigzag,asm,mascara-memoria-sin-align,64,4096,25823.0
982,Zigzag,asm,mascara-memoria-sin-align,64,4096,25909.0
983,Zigzag,asm,mascara-memoria-sin-align,64,4096,25894.0
984,Zigzag,asm,mascara-memoria-sin-align,64,4096,28497.0
985,Zigzag,asm,mascara-memoria-sin-align,64,4096,26263.0
986,Zigzag,asm,mascara-memoria-sin-align,64,4096,25813.0
987,Zigzag,asm,mascara-memoria-sin-align,64,4096,25745.0
988,Zigzag,asm,mascara-memoria-sin-align,64,4096,25611.0
989,Zigzag,asm,mascara-memoria-sin-align,64,4096,25686.0
990,Zigzag,asm,mascara-memoria-sin-align,128,16384,103374.0
991,Zigzag,asm,mascara-memoria-sin-align,128,16384,103141.0
992,Zigzag,asm,mascara-memoria-sin-align,128,16384,109468.0
993,Zigzag,asm,mascara-memoria-sin-align,128,16384,109102.0
994,Zigzag,asm,mascara-memoria-sin-align,128,16384,108709.0
995,Zigzag,asm,mascara-memoria-sin-align,128,16384,103409.0
996,Zigzag,asm,mascara-memoria-sin-align,128,16384,103401.0
997,Zigzag,asm,mascara-memoria-sin-align,128,16384,109700.0
998,Zigzag,asm,mascara-memoria-sin-align,128,16384,109382.0
999,Zigzag,asm,mascara-memoria-sin-align,128,16384,110278.0
1000,Zigzag,asm,mascara-memoria-sin-align,128,16384,104425.0
1001,Zigzag,asm,mascara-memoria-sin-align,128,16384,112134.0
1002,Zigzag,asm,mascara-memoria-sin-align,128,16384,103469.0
1003,Zigzag,asm,mascara-memoria-sin-align,128,16384,103684.0
1004,Zigzag,asm,mascara-memoria-sin-align,128,16384,103365.0
1005,Zigzag,asm,mascara-memoria-sin-align,128,16384,109531.0
1006,Zigzag,asm,mascara-memoria-sin-align,128,16384,103231.0
1007,Zigzag,asm,mascara-memoria-sin-align,128,16384,103335.0
1008,Zigzag,asm,mascara-memoria-sin-align,128,16384,109611.0
1009,Zigzag,asm,mascara-memoria-sin-align,128,16384,103534.0
1010,Zigzag,asm,mascara-memoria-sin-align,128,16384,115336.0
1011,Zigzag,asm,mascara-memoria-sin-align,128,16384,108858.0
1012,Zigzag,asm,mascara-memoria-sin-align,128,16384,113015.0
1013,Zigzag,asm,mascara-memoria-sin-align,128,16384,103922.0
1014,Zigzag,asm,mascara-memoria-sin-align,128,16384,109915.0
1015,Zigzag,asm,mascara-memoria-sin-align,128,16384,109534.0
1016,Zigzag,asm,mascara-memoria-sin-align,128,16384,115068.0
1017,Zigzag,asm,mascara-memoria-sin-align,128,16384,112884.0
1018,Zigzag,asm,mascara-memoria-sin-align,128,16384,110558.0
1019,Zigzag,asm,mascara-memoria-sin-align,128,16384,110666.0
1020,Zigzag,asm,mascara-memoria-sin-align,192,36864,229871.0
1021,Zigzag,asm,mascara-memoria-sin-align,192,36864,217769.0
1022,Zigzag,asm,mascara-memoria-sin-align,192,36864,217992.0
1023,Zigzag,asm,mascara-memoria-sin-align,192,36864,273990.0
1024,Zigzag,asm,mascara-memoria-sin-align,192,36864,229561.0
1025,Zigzag,asm,mascara-memoria-sin-align,192,36864,229719.0
1026,Zigzag,asm,mascara-memoria-sin-align,192,36864,217923.0
1027,Zigzag,asm,mascara-memoria-sin-align,192,36864,217188.0
1028,Zigzag,asm,mascara-memoria-sin-align,192,36864,273225.0
1029,Zigzag,asm,mascara-memoria-sin-align,192,36864,262562.0
1030,Zigzag,asm,mascara-memoria-sin-align,192,36864,229755.0
1031,Zigzag,asm,mascara-memoria-sin-align,192,36864,229865.0
1032,Zigzag,asm,mascara-memoria-sin-align,192,36864,229362.0
1033,Zigzag,asm,mascara-memoria-sin-align,192,36864,272888.0
1034,Zigzag,asm,mascara-memoria-sin-align,192,36864,269987.0
1035,Zigzag,asm,mascara-memoria-sin-align,192,36864,854587.0
1036,Zigzag,asm,mascara-memoria-sin-align,192,36864,271070.0
1037,Zigzag,asm,mascara-memoria-sin-align,192,36864,236632.0
1038,Zigzag,asm,mascara-memoria-sin-align,192,36864,269356.0
1039,Zigzag,asm,mascara-memoria-sin-align,192,36864,217926.0
1040,Zigzag,asm,mascara-memoria-sin-align,192,36864,236524.0
1041,Zigzag,asm,mascara-memoria-sin-align,192,36864,217998.0
1042,Zigzag,asm,mascara-memoria-sin-align,192,36864,304662.0
1043,Zigzag,asm,mascara-memoria-sin-align,192,36864,217881.0
1044,Zigzag,asm,mascara-memoria-sin-align,192,36864,270256.0
1045,Zigzag,asm,mascara-memoria-sin-align,192,36864,228793.0
1046,Zigzag,asm,mascara-memoria-sin-align,192,36864,271484.0
1047,Zigzag,asm,mascara-memoria-sin-align,192,36864,217387.0
1048,Zigzag,asm,mascara-memoria-sin-align,192,36864,217918.0
1049,Zigzag,asm,mascara-memoria-sin-align,192,36864,217179.0
1050,Zigzag,asm,mascara-memoria-sin-align,256,65536,438575.0
1051,Zigzag,asm,mascara-memoria-sin-align,256,65536,409122.0
1052,Zigzag,asm,mascara-memoria-sin-align,256,65536,387654.0
1053,Zigzag,asm,mascara-memoria-sin-align,256,65536,386519.0
1054,Zigzag,asm,mascara-memoria-sin-align,256,65536,430613.0
1055,Zigzag,asm,mascara-memoria-sin-align,256,65536,462587.0
1056,Zigzag,asm,mascara-memoria-sin-align,256,65536,409247.0
1057,Zigzag,asm,mascara-memoria-sin-align,256,65536,386591.0
1058,Zigzag,asm,mascara-memoria-sin-align,256,65536,474257.0
1059,Zigzag,asm,mascara-memoria-sin-align,256,65536,387058.0
1060,Zigzag,asm,mascara-memoria-sin-align,256,65536,6278061.0
1061,Zigzag,asm,mascara-memoria-sin-align,256,65536,420411.0
1062,Zigzag,asm,mascara-memoria-sin-align,256,65536,405967.0
1063,Zigzag,asm,mascara-memoria-sin-align,256,65536,385125.0
1064,Zigzag,asm,mascara-memoria-sin-align,256,65536,476448.0
1065,Zigzag,asm,mascara-memoria-sin-align,256,65536,445178.0
1066,Zigzag,asm,mascara-memoria-sin-align,256,65536,385748.0
1067,Zigzag,asm,mascara-memoria-sin-align,256,65536,386161.0
1068,Zigzag,asm,mascara-memoria-sin-align,256,65536,407311.0
1069,Zigzag,asm,mascara-memoria-sin-align,256,65536,407027.0
1070,Zigzag,asm,mascara-memoria-sin-align,256,65536,452488.0
1071,Zigzag,asm,mascara-memoria-sin-align,256,65536,407787.0
1072,Zigzag,asm,mascara-memoria-sin-align,256,65536,449707.0
1073,Zigzag,asm,mascara-memoria-sin-align,256,65536,385465.0
1074,Zigzag,asm,mascara-memoria-sin-align,256,65536,408785.0
1075,Zigzag,asm,mascara-memoria-sin-align,256,65536,406179.0
1076,Zigzag,asm,mascara-memoria-sin-align,256,65536,407096.0
1077,Zigzag,asm,mascara-memoria-sin-align,256,65536,405959.0
1078,Zigzag,asm,mascara-memoria-sin-align,256,65536,460719.0
1079,Zigzag,asm,mascara-memoria-sin-align,256,65536,485970.0
1080,Zigzag,asm,mascara-memoria-sin-align,320,102400,633080.0
1081,Zigzag,asm,mascara-memoria-sin-align,320,102400,602488.0
1082,Zigzag,asm,mascara-memoria-sin-align,320,102400,661438.0
1083,Zigzag,asm,mascara-memoria-sin-align,320,102400,602188.0
1084,Zigzag,asm,mascara-memoria-sin-align,320,102400,602105.0
1085,Zigzag,asm,mascara-memoria-sin-align,320,102400,602655.0
1086,Zigzag,asm,mascara-memoria-sin-align,320,102400,603296.0
1087,Zigzag,asm,mascara-memoria-sin-align,320,102400,634447.0
1088,Zigzag,asm,mascara-memoria-sin-align,320,102400,601446.0
1089,Zigzag,asm,mascara-memoria-sin-align,320,102400,601494.0
1090,Zigzag,asm,mascara-memoria-sin-align,320,102400,757823.0
1091,Zigzag,asm,mascara-memoria-sin-align,320,102400,693699.0
1092,Zigzag,asm,mascara-memoria-sin-align,320,102400,602620.0
1093,Zigzag,asm,mascara-memoria-sin-align,320,102400,603573.0
1094,Zigzag,asm,mascara-memoria-sin-align,320,102400,644769.0
1095,Zigzag,asm,mascara-memoria-sin-align,320,102400,664481.0
1096,Zigzag,asm,mascara-memoria-sin-align,320,102400,735586.0
1097,Zigzag,asm,mascara-memoria-sin-align,320,102400,601631.0
1098,Zigzag,asm,mascara-memoria-sin-align,320,102400,601291.0
1099,Zigzag,asm,mascara-memoria-sin-align,320,102400,652671.0
1100,Zigzag,asm,mascara-memoria-sin-align,320,102400,635430.0
1101,Zigzag,asm,mascara-memoria-sin-align,320,102400,14688344.0
1102,Zigzag,asm,mascara-memoria-sin-align,320,102400,603370.0
1103,Zigzag,asm,mascara-memoria-sin-align,320,102400,14751913.0
1104,Zigzag,asm,mascara-memoria-sin-align,320,102400,602060.0
1105,Zigzag,asm,mascara-memoria-sin-align,320,102400,642737.0
1106,Zigzag,asm,mascara-memoria-sin-align,320,102400,653218.0
1107,Zigzag,asm,mascara-memoria-sin-align,320,102400,601434.0
1108,Zigzag,asm,mascara-memoria-sin-align,320,102400,653990.0
1109,Zigzag,asm,mascara-memoria-sin-align,320,102400,634343.0
1110,Zigzag,asm,mascara-memoria-sin-align,384,147456,864068.0
1111,Zigzag,asm,mascara-memoria-sin-align,384,147456,866710.0
1112,Zigzag,asm,mascara-memoria-sin-align,384,147456,866698.0
1113,Zigzag,asm,mascara-memoria-sin-align,384,147456,951613.0
1114,Zigzag,asm,mascara-memoria-sin-align,384,147456,866904.0
1115,Zigzag,asm,mascara-memoria-sin-align,384,147456,912806.0
1116,Zigzag,asm,mascara-memoria-sin-align,384,147456,865325.0
1117,Zigzag,asm,mascara-memoria-sin-align,384,147456,912731.0
1118,Zigzag,asm,mascara-memoria-sin-align,384,147456,947452.0
1119,Zigzag,asm,mascara-memoria-sin-align,384,147456,912434.0
1120,Zigzag,asm,mascara-memoria-sin-align,384,147456,1103781.0
1121,Zigzag,asm,mascara-memoria-sin-align,384,147456,976381.0
1122,Zigzag,asm,mascara-memoria-sin-align,384,147456,920339.0
1123,Zigzag,asm,mascara-memoria-sin-align,384,147456,863639.0
1124,Zigzag,asm,mascara-memoria-sin-align,384,147456,1493488.0
1125,Zigzag,asm,mascara-memoria-sin-align,384,147456,971489.0
1126,Zigzag,asm,mascara-memoria-sin-align,384,147456,914817.0
1127,Zigzag,asm,mascara-memoria-sin-align,384,147456,963376.0
1128,Zigzag,asm,mascara-memoria-sin-align,384,147456,1023989.0
1129,Zigzag,asm,mascara-memoria-sin-align,384,147456,984996.0
1130,Zigzag,asm,mascara-memoria-sin-align,384,147456,14278289.0
1131,Zigzag,asm,mascara-memoria-sin-align,384,147456,1154125.0
1132,Zigzag,asm,mascara-memoria-sin-align,384,147456,903452.0
1133,Zigzag,asm,mascara-memoria-sin-align,384,147456,974788.0
1134,Zigzag,asm,mascara-memoria-sin-align,384,147456,910420.0
1135,Zigzag,asm,mascara-memoria-sin-align,384,147456,916933.0
1136,Zigzag,asm,mascara-memoria-sin-align,384,147456,910715.0
1137,Zigzag,asm,mascara-memoria-sin-align,384,147456,925236.0
1138,Zigzag,asm,mascara-memoria-sin-align,384,147456,960469.0
1139,Zigzag,asm,mascara-memoria-sin-align,384,147456,965718.0
1140,Zigzag,asm,mascara-memoria-sin-align,448,200704,1302087.0
1141,Zigzag,asm,mascara-memoria-sin-align,448,200704,1186030.0
1142,Zigzag,asm,mascara-memoria-sin-align,448,200704,4799874.0
1143,Zigzag,asm,mascara-memoria-sin-align,448,200704,1187751.0
1144,Zigzag,asm,mascara-memoria-sin-align,448,200704,1428674.0
1145,Zigzag,asm,mascara-memoria-sin-align,448,200704,1433580.0
1146,Zigzag,asm,mascara-memoria-sin-align,448,200704,1251815.0
1147,Zigzag,asm,mascara-memoria-sin-align,448,200704,1409220.0
1148,Zigzag,asm,mascara-memoria-sin-align,448,200704,1241543.0
1149,Zigzag,asm,mascara-memoria-sin-align,448,200704,1240036.0
1150,Zigzag,asm,mascara-memoria-sin-align,448,200704,1403492.0
1151,Zigzag,asm,mascara-memoria-sin-align,448,200704,1249679.0
1152,Zigzag,asm,mascara-memoria-sin-align,448,200704,1305944.0
1153,Zigzag,asm,mascara-memoria-sin-align,448,200704,1316120.0
1154,Zigzag,asm,mascara-memoria-sin-align,448,200704,1289173.0
1155,Zigzag,asm,mascara-memoria-sin-align,448,200704,1329515.0
1156,Zigzag,asm,mascara-memoria-sin-align,448,200704,1251073.0
1157,Zigzag,asm,mascara-memoria-sin-align,448,200704,1283539.0
1158,Zigzag,asm,mascara-memoria-sin-align,448,200704,1404891.0
1159,Zigzag,asm,mascara-memoria-sin-align,448,200704,1187209.0
1160,Zigzag,asm,mascara-memoria-sin-align,448,200704,1403637.0
1161,Zigzag,asm,mascara-memoria-sin-align,448,200704,1451485.0
1162,Zigzag,asm,mascara-memoria-sin-align,448,200704,1355630.0
1163,Zigzag,asm,mascara-memoria-sin-align,448,200704,1452526.0
1164,Zigzag,asm,mascara-memoria-sin-align,448,200704,1190221.0
1165,Zigzag,asm,mascara-memoria-sin-align,448,200704,1188719.0
1166,Zigzag,asm,mascara-memoria-sin-align,448,200704,1601794.0
1167,Zigzag,asm,mascara-memoria-sin-align,448,200704,1231335.0
1168,Zigzag,asm,mascara-memoria-sin-align,448,200704,1290496.0
1169,Zigzag,asm,mascara-memoria-sin-align,448,200704,1243963.0
1170,Zigzag,asm,mascara-memoria-sin-align,512,262144,1710902.0
1171,Zigzag,asm,mascara-memoria-sin-align,512,262144,1718795.0
1172,Zigzag,asm,mascara-memoria-sin-align,512,262144,1765930.0
1173,Zigzag,asm,mascara-memoria-sin-align,512,262144,1808043.0
1174,Zigzag,asm,mascara-memoria-sin-align,512,262144,1858636.0
1175,Zigzag,asm,mascara-memoria-sin-align,512,262144,1593759.0
1176,Zigzag,asm,mascara-memoria-sin-align,512,262144,1671916.0
1177,Zigzag,asm,mascara-memoria-sin-align,512,262144,1710073.0
1178,Zigzag,asm,mascara-memoria-sin-align,512,262144,1659655.0
1179,Zigzag,asm,mascara-memoria-sin-align,512,262144,1771375.0
1180,Zigzag,asm,mascara-memoria-sin-align,512,262144,1738345.0
1181,Zigzag,asm,mascara-memoria-sin-align,512,262144,1586262.0
1182,Zigzag,asm,mascara-memoria-sin-align,512,262144,1587921.0
1183,Zigzag,asm,mascara-memoria-sin-align,512,262144,1790938.0
1184,Zigzag,asm,mascara-memoria-sin-align,512,262144,1622266.0
1185,Zigzag,asm,mascara-memoria-sin-align,512,262144,1862932.0
1186,Zigzag,asm,mascara-memoria-sin-align,512,262144,1892693.0
1187,Zigzag,asm,mascara-memoria-sin-align,512,262144,1628811.0
1188,Zigzag,asm,mascara-memoria-sin-align,512,262144,2302648.0
1189,Zigzag,asm,mascara-memoria-sin-align,512,262144,1937660.0
1190,Zigzag,asm,mascara-memoria-sin-align,512,262144,1801312.0
1191,Zigzag,asm,mascara-memoria-sin-align,512,262144,12586607.0
1192,Zigzag,asm,mascara-memoria-sin-align,512,262144,1742878.0
1193,Zigzag,asm,mascara-memoria-sin-align,512,262144,1598144.0
1194,Zigzag,asm,mascara-memoria-sin-align,512,262144,1653689.0
1195,Zigzag,asm,mascara-memoria-sin-align,512,262144,1725807.0
1196,Zigzag,asm,mascara-memoria-sin-align,512,262144,1634786.0
1197,Zigzag,asm,mascara-memoria-sin-align,512,262144,1750423.0
1198,Zigzag,asm,mascara-memoria-sin-align,512,262144,1636573.0
1199,Zigzag,asm,mascara-memoria-sin-align,512,262144,1633866.0
1200,Zigzag,asm,mascara-memoria-sin-align,576,331776,1973476.0
1201,Zigzag,asm,mascara-memoria-sin-align,576,331776,2031474.0
1202,Zigzag,asm,mascara-memoria-sin-align,576,331776,2231224.0
1203,Zigzag,asm,mascara-memoria-sin-align,576,331776,2143969.0
1204,Zigzag,asm,mascara-memoria-sin-align,576,331776,1971602.0
1205,Zigzag,asm,mascara-memoria-sin-align,576,331776,2326535.0
1206,Zigzag,asm,mascara-memoria-sin-align,576,331776,2239729.0
1207,Zigzag,asm,mascara-memoria-sin-align,576,331776,2018827.0
1208,Zigzag,asm,mascara-memoria-sin-align,576,331776,2408843.0
1209,Zigzag,asm,mascara-memoria-sin-align,576,331776,2114117.0
1210,Zigzag,asm,mascara-memoria-sin-align,576,331776,2000416.0
1211,Zigzag,asm,mascara-memoria-sin-align,576,331776,2147162.0
1212,Zigzag,asm,mascara-memoria-sin-align,576,331776,2114801.0
1213,Zigzag,asm,mascara-memoria-sin-align,576,331776,2295348.0
1214,Zigzag,asm,mascara-memoria-sin-align,576,331776,2038829.0
1215,Zigzag,asm,mascara-memoria-sin-align,576,331776,2048400.0
1216,Zigzag,asm,mascara-memoria-sin-align,576,331776,2080180.0
1217,Zigzag,asm,mascara-memoria-sin-align,576,331776,2155604.0
1218,Zigzag,asm,mascara-memoria-sin-align,576,331776,2081665.0
1219,Zigzag,asm,mascara-memoria-sin-align,576,331776,1981277.0
1220,Zigzag,asm,mascara-memoria-sin-align,576,331776,2250637.0
1221,Zigzag,asm,mascara-memoria-sin-align,576,331776,2141574.0
1222,Zigzag,asm,mascara-memoria-sin-align,576,331776,2241808.0
1223,Zigzag,asm,mascara-memoria-sin-align,576,331776,2094356.0
1224,Zigzag,asm,mascara-memoria-sin-align,576,331776,2502109.0
1225,Zigzag,asm,mascara-memoria-sin-align,576,331776,15464427.0
1226,Zigzag,asm,mascara-memoria-sin-align,576,331776,2419839.0
1227,Zigzag,asm,mascara-memoria-sin-align,576,331776,2251456.0
1228,Zigzag,asm,mascara-memoria-sin-align,576,331776,2136237.0
1229,Zigzag,asm,mascara-memoria-sin-align,576,331776,2045916.0
1230,Zigzag,asm,mascara-memoria-sin-align,640,409600,2714003.0
1231,Zigzag,asm,mascara-memoria-sin-align,640,409600,2652604.0
1232,Zigzag,asm,mascara-memoria-sin-align,640,409600,3146485.0
1233,Zigzag,asm,mascara-memoria-sin-align,640,409600,2760374.0
1234,Zigzag,asm,mascara-memoria-sin-align,640,409600,2526038.0
1235,Zigzag,asm,mascara-memoria-sin-align,640,409600,2495360.0
1236,Zigzag,asm,mascara-memoria-sin-align,640,409600,2549445.0
1237,Zigzag,asm,mascara-memoria-sin-align,640,409600,2819229.0
1238,Zigzag,asm,mascara-memoria-sin-align,640,409600,2789409.0
1239,Zigzag,asm,mascara-memoria-sin-align,640,409600,2693329.0
1240,Zigzag,asm,mascara-memoria-sin-align,640,409600,2626238.0
1241,Zigzag,asm,mascara-memoria-sin-align,640,409600,2765170.0
1242,Zigzag,asm,mascara-memoria-sin-align,640,409600,2751489.0
1243,Zigzag,asm,mascara-memoria-sin-align,640,409600,3168826.0
1244,Zigzag,asm,mascara-memoria-sin-align,640,409600,2518532.0
1245,Zigzag,asm,mascara-memoria-sin-align,640,409600,2618742.0
1246,Zigzag,asm,mascara-memoria-sin-align,640,409600,2584558.0
1247,Zigzag,asm,mascara-memoria-sin-align,640,409600,2643245.0
1248,Zigzag,asm,mascara-memoria-sin-align,640,409600,2504325.0
1249,Zigzag,asm,mascara-memoria-sin-align,640,409600,3231227.0
1250,Zigzag,asm,mascara-memoria-sin-align,640,409600,2647771.0
1251,Zigzag,asm,mascara-memoria-sin-align,640,409600,3132570.0
1252,Zigzag,asm,mascara-memoria-sin-align,640,409600,2721525.0
1253,Zigzag,asm,mascara-memoria-sin-align,640,409600,2494007.0
1254,Zigzag,asm,mascara-memoria-sin-align,640,409600,2552209.0
1255,Zigzag,asm,mascara-memoria-sin-align,640,409600,2870817.0
1256,Zigzag,asm,mascara-memoria-sin-align,640,409600,2791451.0
1257,Zigzag,asm,mascara-memoria-sin-align,640,409600,2527297.0
1258,Zigzag,asm,mascara-memoria-sin-align,640,409600,2844788.0
1259,Zigzag,asm,mascara-memoria-sin-align,640,409600,2649569.0
1260,Zigzag,asm,mascara-memoria-sin-align,704,495616,3154370.0
1261,Zigzag,asm,mascara-memoria-sin-align,704,495616,3341642.0
1262,Zigzag,asm,mascara-memoria-sin-align,704,495616,3802613.0
1263,Zigzag,asm,mascara-memoria-sin-align,704,495616,3248584.0
1264,Zigzag,asm,mascara-memoria-sin-align,704,495616,3525584.0
1265,Zigzag,asm,mascara-memoria-sin-align,704,495616,3439745.0
1266,Zigzag,asm,mascara-memoria-sin-align,704,495616,3321982.0
1267,Zigzag,asm,mascara-memoria-sin-align,704,495616,3365159.0
1268,Zigzag,asm,mascara-memoria-sin-align,704,495616,3526284.0
1269,Zigzag,asm,mascara-memoria-sin-align,704,495616,3234730.0
1270,Zigzag,asm,mascara-memoria-sin-align,704,495616,3198404.0
1271,Zigzag,asm,mascara-memoria-sin-align,704,495616,3146050.0
1272,Zigzag,asm,mascara-memoria-sin-align,704,495616,3155240.0
1273,Zigzag,asm,mascara-memoria-sin-align,704,495616,3239338.0
1274,Zigzag,asm,mascara-memoria-sin-align,704,495616,3143944.0
1275,Zigzag,asm,mascara-memoria-sin-align,704,495616,3269205.0
1276,Zigzag,asm,mascara-memoria-sin-align,704,495616,3514339.0
1277,Zigzag,asm,mascara-memoria-sin-align,704,495616,3180192.0
1278,Zigzag,asm,mascara-memoria-sin-align,704,495616,3165498.0
1279,Zigzag,asm,mascara-memoria-sin-align,704,495616,3163345.0
1280,Zigzag,asm,mascara-memoria-sin-align,704,495616,3261839.0
1281,Zigzag,asm,mascara-memoria-sin-align,704,495616,3472239.0
1282,Zigzag,asm,mascara-memoria-sin-align,704,495616,3276861.0
1283,Zigzag,asm,mascara-memoria-sin-align,704,495616,3112078.0
1284,Zigzag,asm,mascara-memoria-sin-align,704,495616,3556184.0
1285,Zigzag,asm,mascara-memoria-sin-align,704,495616,3268890.0
1286,Zigzag,asm,mascara-memoria-sin-align,704,495616,3146693.0
1287,Zigzag,asm,mascara-memoria-sin-align,704,495616,10824970.0
1288,Zigzag,asm,mascara-memoria-sin-align,704,495616,3345114.0
1289,Zigzag,asm,mascara-memoria-sin-align,704,495616,3316266.0
1290,Zigzag,asm,mascara-memoria-sin-align,768,589824,3779017.0
1291,Zigzag,asm,mascara-memoria-sin-align,768,589824,4008530.0
1292,Zigzag,asm,mascara-memoria-sin-align,768,589824,4458428.0
1293,Zigzag,asm,mascara-memoria-sin-align,768,589824,4195729.0
1294,Zigzag,asm,mascara-memoria-sin-align,768,589824,4148365.0
1295,Zigzag,asm,mascara-memoria-sin-align,768,589824,4087990.0
1296,Zigzag,asm,mascara-memoria-sin-align,768,589824,4359061.0
1297,Zigzag,asm,mascara-memoria-sin-align,768,589824,3840402.0
1298,Zigzag,asm,mascara-memoria-sin-align,768,589824,3730137.0
1299,Zigzag,asm,mascara-memoria-sin-align,768,589824,3837427.0
1300,Zigzag,asm,mascara-memoria-sin-align,768,589824,3962083.0
1301,Zigzag,asm,mascara-memoria-sin-align,768,589824,3826823.0
1302,Zigzag,asm,mascara-memoria-sin-align,768,589824,3885380.0
1303,Zigzag,asm,mascara-memoria-sin-align,768,589824,3951595.0
1304,Zigzag,asm,mascara-memoria-sin-align,768,589824,3862296.0
1305,Zigzag,asm,mascara-memoria-sin-align,768,589824,4995859.0
1306,Zigzag,asm,mascara-memoria-sin-align,768,589824,3906467.0
1307,Zigzag,asm,mascara-memoria-sin-align,768,589824,4294807.0
1308,Zigzag,asm,mascara-memoria-sin-align,768,589824,4040148.0
1309,Zigzag,asm,mascara-memoria-sin-align,768,589824,3744595.0
1310,Zigzag,asm,mascara-memoria-sin-align,768,589824,4122094.0
1311,Zigzag,asm,mascara-memoria-sin-align,768,589824,4241232.0
1312,Zigzag,asm,mascara-memoria-sin-align,768,589824,4518669.0
1313,Zigzag,asm,mascara-memoria-sin-align,768,589824,3812951.0
1314,Zigzag,asm,mascara-memoria-sin-align,768,589824,22624704.0
1315,Zigzag,asm,mascara-memoria-sin-align,768,589824,4186420.0
1316,Zigzag,asm,mascara-memoria-sin-align,768,589824,4131728.0
1317,Zigzag,asm,mascara-memoria-sin-align,768,589824,4309382.0
1318,Zigzag,asm,mascara-memoria-sin-align,768,589824,4015025.0
1319,Zigzag,asm,mascara-memoria-sin-align,768,589824,3972942.0
1320,Zigzag,asm,mascara-memoria-sin-align,832,692224,5004154.0
1321,Zigzag,asm,mascara-memoria-sin-align,832,692224,4943333.0
1322,Zigzag,asm,mascara-memoria-sin-align,832,692224,4688312.0
1323,Zigzag,asm,mascara-memoria-sin-align,832,692224,4763261.0
1324,Zigzag,asm,mascara-memoria-sin-align,832,692224,4635335.0
1325,Zigzag,asm,mascara-memoria-sin-align,832,692224,4600012.0
1326,Zigzag,asm,mascara-memoria-sin-align,832,692224,4596174.0
1327,Zigzag,asm,mascara-memoria-sin-align,832,692224,4435057.0
1328,Zigzag,asm,mascara-memoria-sin-align,832,692224,4826759.0
1329,Zigzag,asm,mascara-memoria-sin-align,832,692224,4742715.0
1330,Zigzag,asm,mascara-memoria-sin-align,832,692224,12134013.0
1331,Zigzag,asm,mascara-memoria-sin-align,832,692224,5030268.0
1332,Zigzag,asm,mascara-memoria-sin-align,832,692224,4639951.0
1333,Zigzag,asm,mascara-memoria-sin-align,832,692224,4522709.0
1334,Zigzag,asm,mascara-memoria-sin-align,832,692224,5131879.0
1335,Zigzag,asm,mascara-memoria-sin-align,832,692224,4516338.0
1336,Zigzag,asm,mascara-memoria-sin-align,832,692224,5123662.0
1337,Zigzag,asm,mascara-memoria-sin-align,832,692224,4909762.0
1338,Zigzag,asm,mascara-memoria-sin-align,832,692224,4491489.0
1339,Zigzag,asm,mascara-memoria-sin-align,832,692224,4739316.0
1340,Zigzag,asm,mascara-memoria-sin-align,832,692224,4639228.0
1341,Zigzag,asm,mascara-memoria-sin-align,832,692224,4568846.0
1342,Zigzag,asm,mascara-memoria-sin-align,832,692224,4655747.0
1343,Zigzag,asm,mascara-memoria-sin-align,832,692224,4619753.0
1344,Zigzag,asm,mascara-memoria-sin-align,832,692224,4866230.0
1345,Zigzag,asm,mascara-memoria-sin-align,832,692224,4698148.0
1346,Zigzag,asm,mascara-memoria-sin-align,832,692224,4684441.0
1347,Zigzag,asm,mascara-memoria-sin-align,832,692224,4817233.0
1348,Zigzag,asm,mascara-memoria-sin-align,832,692224,5099394.0
1349,Zigzag,asm,mascara-memoria-sin-align,832,692224,4616540.0
1350,Zigzag,asm,mascara-memoria-sin-align,896,802816,5389480.0
1351,Zigzag,asm,mascara-memoria-sin-align,896,802816,5348125.0
1352,Zigzag,asm,mascara-memoria-sin-align,896,802816,5203898.0
1353,Zigzag,asm,mascara-memoria-sin-align,896,802816,5244954.0
1354,Zigzag,asm,mascara-memoria-sin-align,896,802816,5691286.0
1355,Zigzag,asm,mascara-memoria-sin-align,896,802816,5150293.0
1356,Zigzag,asm,mascara-memoria-sin-align,896,802816,5744911.0
1357,Zigzag,asm,mascara-memoria-sin-align,896,802816,5398820.0
1358,Zigzag,asm,mascara-memoria-sin-align,896,802816,5380726.0
1359,Zigzag,asm,mascara-memoria-sin-align,896,802816,7084827.0
1360,Zigzag,asm,mascara-memoria-sin-align,896,802816,5357839.0
1361,Zigzag,asm,mascara-memoria-sin-align,896,802816,5596399.0
1362,Zigzag,asm,mascara-memoria-sin-align,896,802816,5891751.0
1363,Zigzag,asm,mascara-memoria-sin-align,896,802816,5689581.0
1364,Zigzag,asm,mascara-memoria-sin-align,896,802816,5579435.0
1365,Zigzag,asm,mascara-memoria-sin-align,896,802816,5226248.0
1366,Zigzag,asm,mascara-memoria-sin-align,896,802816,5361395.0
1367,Zigzag,asm,mascara-memoria-sin-align,896,802816,5457971.0
1368,Zigzag,asm,mascara-memoria-sin-align,896,802816,6208362.0
1369,Zigzag,asm,mascara-memoria-sin-align,896,802816,5265925.0
1370,Zigzag,asm,mascara-memoria-sin-align,896,802816,8329100.0
1371,Zigzag,asm,mascara-memoria-sin-align,896,802816,5334908.0
1372,Zigzag,asm,mascara-memoria-sin-align,896,802816,5216323.0
1373,Zigzag,asm,mascara-memoria-sin-align,896,802816,5396655.0
1374,Zigzag,asm,mascara-memoria-sin-align,896,802816,5735844.0
1375,Zigzag,asm,mascara-memoria-sin-align,896,802816,5459197.0
1376,Zigzag,asm,mascara-memoria-sin-align,896,802816,5483717.0
1377,Zigzag,asm,mascara-memoria-sin-align,896,802816,5487417.0
1378,Zigzag,asm,mascara-memoria-sin-align,896,802816,5310548.0
1379,Zigzag,asm,mascara-memoria-sin-align,896,802816,5308390.0
1380,Zigzag,asm,mascara-memoria-sin-align,960,921600,6419720.0
1381,Zigzag,asm,mascara-memoria-sin-align,960,921600,6707585.0
1382,Zigzag,asm,mascara-memoria-sin-align,960,921600,6570024.0
1383,Zigzag,asm,mascara-memoria-sin-align,960,921600,6749930.0
1384,Zigzag,asm,mascara-memoria-sin-align,960,921600,6313452.0
1385,Zigzag,asm,mascara-memoria-sin-align,960,921600,6496009.0
1386,Zigzag,asm,mascara-memoria-sin-align,960,921600,6348071.0
1387,Zigzag,asm,mascara-memoria-sin-align,960,921600,6067511.0
1388,Zigzag,asm,mascara-memoria-sin-align,960,921600,6325924.0
1389,Zigzag,asm,mascara-memoria-sin-align,960,921600,6468751.0
1390,Zigzag,asm,mascara-memoria-sin-align,960,921600,17145344.0
1391,Zigzag,asm,mascara-memoria-sin-align,960,921600,6341580.0
1392,Zigzag,asm,mascara-memoria-sin-align,960,921600,6476340.0
1393,Zigzag,asm,mascara-memoria-sin-align,960,921600,7139837.0
1394,Zigzag,asm,mascara-memoria-sin-align,960,921600,6658171.0
1395,Zigzag,asm,mascara-memoria-sin-align,960,921600,6434647.0
1396,Zigzag,asm,mascara-memoria-sin-align,960,921600,6071250.0
1397,Zigzag,asm,mascara-memoria-sin-align,960,921600,6606741.0
1398,Zigzag,asm,mascara-memoria-sin-align,960,921600,6640676.0
1399,Zigzag,asm,mascara-memoria-sin-align,960,921600,6439449.0
1400,Zigzag,asm,mascara-memoria-sin-align,960,921600,6892714.0
1401,Zigzag,asm,mascara-memoria-sin-align,960,921600,16896738.0
1402,Zigzag,asm,mascara-memoria-sin-align,960,921600,6673273.0
1403,Zigzag,asm,mascara-memoria-sin-align,960,921600,6344611.0
1404,Zigzag,asm,mascara-memoria-sin-align,960,921600,6354570.0
1405,Zigzag,asm,mascara-memoria-sin-align,960,921600,6063751.0
1406,Zigzag,asm,mascara-memoria-sin-align,960,921600,8172287.0
1407,Zigzag,asm,mascara-memoria-sin-align,960,921600,6594690.0
1408,Zigzag,asm,mascara-memoria-sin-align,960,921600,6043070.0
1409,Zigzag,asm,mascara-memoria-sin-align,960,921600,6511040.0
1410,Zigzag,asm,mascara-memoria-sin-align,1024,1048576,7700813.0
1411,Zigzag,asm,mascara-memoria-sin-align,1024,1048576,8694194.0
1412,Zigzag,asm,mascara-memoria-sin-align,1024,1048576,20355480.0
1413,Zigzag,asm,mascara-memoria-sin-align,1024,1048576,8305205.0
1414,Zigzag,asm,mascara-memoria-sin-align,1024,1048576,8916243.0
1415,Zigzag,asm,mascara-memoria-sin-align,1024,1048576,7863446.0
1416,Zigzag,asm,mascara-memoria-sin-align,1024,1048576,8376014.0
1417,Zigzag,asm,mascara-memoria-sin-align,1024,1048576,9057905.0
1418,Zigzag,asm,mascara-memoria-sin-align,1024,1048576,8497429.0
1419,Zigzag,asm,mascara-memoria-sin-align,1024,1048576,7869924.0
1420,Zigzag,asm,mascara-memoria-sin-align,1024,1048576,22108484.0
1421,Zigzag,asm,mascara-memoria-sin-align,1024,1048576,8547971.0
1422,Zigzag,asm,mascara-memoria-sin-align,1024,1048576,8407729.0
1423,Zigzag,asm,mascara-memoria-sin-align,1024,1048576,9562735.0
1424,Zigzag,asm,mascara-memoria-sin-align,1024,1048576,7880421.0
1425,Zigzag,asm,mascara-memoria-sin-align,1024,1048576,37299224.0
1426,Zigzag,asm,mascara-memoria-sin-align,1024,1048576,8839045.0
1427,Zigzag,asm,mascara-memoria-sin-align,1024,1048576,8690411.0
1428,Zigzag,asm,mascara-memoria-sin-align,1024,1048576,15678457.0
1429,Zigzag,asm,mascara-memoria-sin-align,1024,1048576,9063939.0
1430,Zigzag,asm,mascara-memoria-sin-align,1024,1048576,9432219.0
1431,Zigzag,asm,mascara-memoria-sin-align,1024,1048576,9283535.0
1432,Zigzag,asm,mascara-memoria-sin-align,1024,1048576,8731591.0
1433,Zigzag,asm,mascara-memoria-sin-align,1024,1048576,8417830.0
1434,Zigzag,asm,mascara-memoria-sin-align,1024,1048576,16007519.0
1435,Zigzag,asm,mascara-memoria-sin-align,1024,1048576,8152977.0
1436,Zigzag,asm,mascara-memoria-sin-align,1024,1048576,7980456.0
1437,Zigzag,asm,mascara-memoria-sin-align,1024,1048576,8884734.0
1438,Zigzag,asm,mascara-memoria-sin-align,1024,1048576,7826712.0
1439,Zigzag,asm,mascara-memoria-sin-align,1024,1048576,14340304.0
